evo_id,move_type_1,move_type_2,move_type_3,move_type_4,variant_id
1,Grass,Normal,none,none,1
1,Grass,none,none,none,2
1,Normal,none,none,none,3
2,Fire,Normal,none,none,4
2,Fire,none,none,none,5
2,Ground,none,none,none,6
2,Fire,Flying,Ground,none,7
2,Flying,Ground,none,none,8
2,Fire,Ground,none,none,9
2,Normal,none,none,none,10
2,Ground,Normal,none,none,11
2,Fire,Flying,none,none,12
2,Fire,Flying,Normal,none,13
2,Flying,Normal,none,none,14
2,Fire,Ground,Normal,none,15
2,Flying,Ground,Normal,none,16
2,Flying,none,none,none,17
2,Fire,Flying,Ground,Normal,18
3,Water,none,none,none,19
3,Normal,Water,none,none,20
3,Ground,Ice,none,none,21
3,Ground,none,none,none,22
3,Ice,none,none,none,23
3,Ground,Normal,Water,none,24
3,Normal,none,none,none,25
3,Ground,Normal,none,none,26
3,Ground,Water,none,none,27
3,Ground,Ice,Water,none,28
3,Ice,Normal,Water,none,29
3,Ground,Ice,Normal,Water,30
3,Ice,Normal,none,none,31
3,Ice,Water,none,none,32
3,Ground,Ice,Normal,none,33
4,Psychic,none,none,none,34
4,Grass,none,none,none,35
4,Normal,none,none,none,36
4,Normal,Psychic,none,none,37
4,Grass,Normal,none,none,38
4,Grass,Psychic,none,none,39
4,Grass,Normal,Psychic,none,40
5,Bug,Poison,none,none,41
5,Bug,Grass,Poison,none,42
5,Bug,none,none,none,43
5,Grass,none,none,none,44
5,Bug,Grass,none,none,45
5,Bug,Grass,Normal,none,46
5,Poison,none,none,none,47
5,Normal,none,none,none,48
5,Normal,Poison,none,none,49
5,Bug,Normal,Poison,none,50
5,Grass,Normal,none,none,51
5,Grass,Normal,Poison,none,52
5,Bug,Normal,none,none,53
5,Bug,Grass,Normal,Poison,54
5,Grass,Poison,none,none,55
6,Flying,none,none,none,56
6,Flying,Normal,none,none,57
6,Normal,none,none,none,58
7,Electric,Normal,none,none,59
7,Electric,Ice,Normal,Water,60
7,Ice,none,none,none,61
7,Normal,none,none,none,62
7,Ground,Normal,none,none,63
7,Electric,Ground,none,none,64
7,Ground,Ice,none,none,65
7,Electric,Water,none,none,66
7,Electric,Ground,Normal,none,67
7,Electric,Normal,Water,none,68
7,Electric,Ground,Ice,none,69
7,Ice,Normal,none,none,70
7,Ground,Ice,Normal,none,71
7,Electric,Ice,none,none,72
7,Ground,none,none,none,73
7,Ground,Normal,Water,none,74
7,Electric,Ice,Normal,none,75
7,Electric,Ground,Ice,Normal,76
7,Electric,Ground,Water,none,77
7,Electric,Ground,Normal,Water,78
7,Ice,Water,none,none,79
7,Water,none,none,none,80
7,Normal,Water,none,none,81
7,Electric,Ice,Water,none,82
7,Electric,Ground,Ice,Water,83
7,Ground,Water,none,none,84
7,Ground,Ice,Water,none,85
7,Ice,Normal,Water,none,86
7,Ground,Ice,Normal,Water,87
7,Electric,none,none,none,88
8,Flying,none,none,none,89
8,Flying,Normal,none,none,90
8,Normal,none,none,none,91
9,Grass,none,none,none,92
9,Ground,Normal,Rock,none,93
9,Normal,none,none,none,94
9,Ground,Normal,none,none,95
9,Normal,Poison,none,none,96
9,Rock,none,none,none,97
9,Grass,Normal,none,none,98
9,Ground,Poison,none,none,99
9,Grass,Normal,Rock,none,100
9,Grass,Ground,Normal,Rock,101
9,Ground,Poison,Rock,none,102
9,Normal,Rock,none,none,103
9,Normal,Poison,Rock,none,104
9,Ground,Normal,Poison,Rock,105
9,Grass,Poison,Rock,none,106
9,Grass,Poison,none,none,107
9,Grass,Ground,Normal,none,108
9,Grass,Ground,Rock,none,109
9,Grass,Ground,none,none,110
9,Ground,none,none,none,111
9,Grass,Normal,Poison,Rock,112
9,Grass,Rock,none,none,113
9,Poison,none,none,none,114
9,Grass,Ground,Poison,Rock,115
9,Ground,Normal,Poison,none,116
9,Ground,Rock,none,none,117
9,Grass,Ground,Normal,Poison,118
9,Poison,Rock,none,none,119
9,Grass,Normal,Poison,none,120
9,Grass,Ground,Poison,none,121
10,Electric,none,none,none,122
10,Electric,Normal,none,none,123
10,Normal,none,none,none,124
11,Ground,none,none,none,125
11,Normal,Poison,Rock,none,126
11,Poison,Rock,none,none,127
11,Ground,Normal,Rock,none,128
11,Ground,Normal,none,none,129
11,Poison,none,none,none,130
11,Normal,none,none,none,131
11,Rock,none,none,none,132
11,Ground,Poison,none,none,133
11,Ground,Rock,none,none,134
11,Normal,Poison,none,none,135
11,Ground,Normal,Poison,none,136
11,Ground,Poison,Rock,none,137
11,Ground,Normal,Poison,Rock,138
11,Normal,Rock,none,none,139
12,Electric,Fire,Rock,Water,140
12,Fighting,Fire,Ground,Poison,141
12,Electric,Normal,none,none,142
12,Electric,Fighting,Fire,Rock,143
12,Electric,Ice,Normal,Water,144
12,Ice,none,none,none,145
12,Electric,Fire,Ground,Water,146
12,Fighting,Fire,Normal,Poison,147
12,Fire,Ice,Normal,Poison,148
12,Electric,Fighting,Poison,none,149
12,Electric,Fire,Normal,Water,150
12,Fighting,Ground,Normal,Rock,151
12,Ground,Normal,none,none,152
12,Fire,Normal,Water,none,153
12,Normal,Poison,none,none,154
12,Ice,Poison,Rock,Water,155
12,Ground,Poison,none,none,156
12,Poison,Rock,Water,none,157
12,Fire,Rock,none,none,158
12,Electric,Fighting,Normal,Rock,159
12,Fighting,Ice,Normal,Poison,160
12,Fighting,Ice,Poison,Rock,161
12,Fighting,Ground,none,none,162
12,Electric,Fighting,Fire,Ground,163
12,Electric,Normal,Water,none,164
12,Electric,Fire,Ground,Rock,165
12,Electric,Ground,Poison,Water,166
12,Electric,Fighting,Ice,Rock,167
12,Electric,Fire,Normal,Rock,168
12,Electric,Rock,none,none,169
12,Fire,Ground,Normal,Poison,170
12,Electric,Fighting,none,none,171
12,Electric,Fighting,Ground,none,172
12,Electric,Fighting,Poison,Water,173
12,Electric,Ice,none,none,174
12,Fighting,Poison,Water,none,175
12,Fire,Rock,Water,none,176
12,Electric,Fire,none,none,177
12,Fighting,Ground,Water,none,178
12,Normal,Rock,Water,none,179
12,Ice,Normal,Rock,none,180
12,Normal,Poison,Water,none,181
12,Electric,Ground,Normal,Poison,182
12,Electric,Ground,Poison,Rock,183
12,Ground,Normal,Poison,none,184
12,Electric,Ground,Water,none,185
12,Fire,Normal,Rock,none,186
12,Electric,Fighting,Ground,Normal,187
12,Electric,Fire,Ice,none,188
12,Fighting,Fire,Ice,none,189
12,Fighting,Fire,Ground,none,190
12,Electric,Ground,Ice,Poison,191
12,Electric,Normal,Poison,none,192
12,Normal,Water,none,none,193
12,Electric,Fighting,Ground,Ice,194
12,Fighting,Ground,Poison,none,195
12,Fighting,Water,none,none,196
12,Electric,Fighting,Ground,Water,197
12,Fighting,Ice,Rock,none,198
12,Ice,Normal,Poison,Rock,199
12,Electric,Rock,Water,none,200
12,Ground,Ice,Normal,Water,201
12,Fighting,Fire,Ice,Normal,202
12,Fire,Poison,Rock,none,203
12,Fighting,Ice,Normal,none,204
12,Fire,Normal,Poison,Rock,205
12,Ice,Normal,Rock,Water,206
12,Fire,Ground,Rock,none,207
12,Fighting,Fire,Ground,Ice,208
12,Fighting,Fire,Ice,Poison,209
12,Fighting,Fire,Rock,Water,210
12,Fire,Ice,Rock,Water,211
12,Electric,Fire,Ice,Water,212
12,Fighting,Ground,Ice,Rock,213
12,Fighting,Fire,Ground,Water,214
12,Fire,Normal,Rock,Water,215
12,Electric,Normal,Poison,Water,216
12,Fire,Ground,Normal,none,217
12,Electric,Poison,Rock,none,218
12,Rock,none,none,none,219
12,Fighting,Fire,Normal,Water,220
12,Fire,Ice,Normal,Water,221
12,Electric,Ground,Rock,none,222
12,Fighting,Ground,Poison,Water,223
12,Ground,Ice,Normal,Rock,224
12,Fighting,Normal,Poison,none,225
12,Electric,Water,none,none,226
12,Electric,Ground,Normal,none,227
12,Fire,Ground,Poison,Rock,228
12,Fire,Poison,Rock,Water,229
12,Electric,Ice,Normal,Rock,230
12,Fighting,Ice,Water,none,231
12,Electric,Fire,Ice,Rock,232
12,Fighting,Fire,Ground,Rock,233
12,Electric,Normal,Poison,Rock,234
12,Fire,Ground,Ice,Poison,235
12,Electric,Ground,Ice,none,236
12,Fire,Ground,Rock,Water,237
12,Fighting,Fire,Normal,Rock,238
12,Fire,Ice,Normal,Rock,239
12,Ground,Poison,Water,none,240
12,Fire,Ground,Normal,Water,241
12,Electric,Poison,Rock,Water,242
12,Ground,none,none,none,243
12,Ground,Ice,Rock,none,244
12,Ice,Poison,none,none,245
12,Electric,Fighting,Fire,Poison,246
12,Electric,Ground,Rock,Water,247
12,Fighting,Normal,none,none,248
12,Rock,Water,none,none,249
12,Fighting,Fire,none,none,250
12,Electric,Ground,Ice,Normal,251
12,Ground,Rock,none,none,252
12,Fighting,Ground,Normal,Poison,253
12,Electric,Ground,Normal,Water,254
12,Electric,Fire,Ice,Poison,255
12,Fire,none,none,none,256
12,Electric,Fighting,Normal,Poison,257
12,Electric,Fighting,Poison,Rock,258
12,Electric,Ice,Water,none,259
12,Ground,Water,none,none,260
12,Electric,Fire,Water,none,261
12,Fighting,Fire,Water,none,262
12,Fire,Ice,Water,none,263
12,Ground,Ice,Poison,none,264
12,Electric,none,none,none,265
12,Electric,Fighting,Ice,Poison,266
12,Ground,Ice,Rock,Water,267
12,Electric,Normal,Rock,none,268
12,Electric,Ice,Poison,none,269
12,Fighting,Normal,Water,none,270
12,Ground,Normal,Poison,Water,271
12,Ground,Normal,Rock,none,272
12,Fire,Ground,Ice,none,273
12,Fighting,Fire,Ice,Water,274
12,Electric,Fire,Poison,none,275
12,Fighting,Fire,Poison,none,276
12,Fire,Ice,Poison,none,277
12,Electric,Fighting,Ground,Rock,278
12,Fighting,Poison,Rock,none,279
12,Ground,Ice,none,none,280
12,Fighting,Ground,Rock,none,281
12,Electric,Fighting,Fire,none,282
12,Normal,Poison,Rock,none,283
12,Fighting,Ice,Rock,Water,284
12,Fire,Ground,Ice,Normal,285
12,Fighting,Ground,Normal,none,286
12,Ground,Normal,Poison,Rock,287
12,Electric,Normal,Rock,Water,288
12,Fighting,Ice,Normal,Water,289
12,Electric,Fighting,Rock,none,290
12,Ice,Normal,none,none,291
12,Fighting,Fire,Ice,Rock,292
12,Electric,Ice,Poison,Water,293
12,Fire,Ground,Ice,Water,294
12,Fire,Ice,none,none,295
12,Fire,Normal,none,none,296
12,Electric,Fighting,Normal,none,297
12,Electric,Fighting,Fire,Normal,298
12,Electric,Fire,Poison,Water,299
12,Electric,Fire,Rock,none,300
12,Fighting,Ground,Poison,Rock,301
12,Fighting,Poison,Rock,Water,302
12,Ground,Normal,Water,none,303
12,Electric,Fighting,Ice,none,304
12,Electric,Fighting,Fire,Ice,305
12,Fighting,Ground,Ice,Poison,306
12,Fighting,Ground,Rock,Water,307
12,Electric,Fighting,Fire,Water,308
12,Normal,Poison,Rock,Water,309
12,Fighting,Ice,Normal,Rock,310
12,Fighting,Normal,Poison,Water,311
12,Water,none,none,none,312
12,Fighting,Ground,Normal,Water,313
12,Fire,Poison,none,none,314
12,Electric,Fighting,Rock,Water,315
12,Electric,Fire,Ground,Normal,316
12,Electric,Fire,Poison,Rock,317
12,Fire,Ground,none,none,318
12,Electric,Fighting,Ice,Normal,319
12,Electric,Ground,Ice,Water,320
12,Fighting,Ice,none,none,321
12,Electric,Ground,Poison,none,322
12,Fire,Ground,Normal,Rock,323
12,Electric,Fighting,Normal,Water,324
12,Ice,Normal,Water,none,325
12,Electric,Ice,Normal,Poison,326
12,Electric,Fire,Ground,Poison,327
12,Fighting,Normal,Poison,Rock,328
12,Ground,Rock,Water,none,329
12,Electric,Fire,Normal,Poison,330
12,Fighting,none,none,none,331
12,Ice,Rock,none,none,332
12,Electric,Fighting,Ice,Water,333
12,Electric,Ground,Normal,Rock,334
12,Poison,Water,none,none,335
12,Normal,none,none,none,336
12,Fighting,Rock,none,none,337
12,Ice,Normal,Poison,none,338
12,Electric,Poison,none,none,339
12,Fighting,Poison,none,none,340
12,Electric,Ground,Ice,Rock,341
12,Ground,Poison,Rock,none,342
12,Ice,Poison,Water,none,343
12,Fire,Normal,Poison,none,344
12,Electric,Ground,none,none,345
12,Normal,Rock,none,none,346
12,Fire,Poison,Water,none,347
12,Ice,Rock,Water,none,348
12,Fire,Ground,Water,none,349
12,Fighting,Ground,Ice,none,350
12,Ground,Ice,Poison,Water,351
12,Fire,Water,none,none,352
12,Ground,Ice,Normal,none,353
12,Electric,Ice,Rock,none,354
12,Ground,Normal,Rock,Water,355
12,Ice,Normal,Poison,Water,356
12,Fire,Ground,Poison,none,357
12,Fighting,Normal,Rock,none,358
12,Fighting,Ground,Ice,Normal,359
12,Fighting,Ice,Poison,none,360
12,Ground,Poison,Rock,Water,361
12,Fighting,Fire,Poison,Water,362
12,Poison,none,none,none,363
12,Electric,Ice,Normal,none,364
12,Fighting,Fire,Rock,none,365
12,Fighting,Rock,Water,none,366
12,Electric,Fire,Ground,none,367
12,Fire,Ice,Rock,none,368
12,Fire,Ice,Poison,Water,369
12,Fire,Normal,Poison,Water,370
12,Ground,Ice,Poison,Rock,371
12,Electric,Fire,Normal,none,372
12,Electric,Poison,Water,none,373
12,Ice,Water,none,none,374
12,Fighting,Fire,Normal,none,375
12,Poison,Rock,none,none,376
12,Fire,Ice,Normal,none,377
12,Ice,Poison,Rock,none,378
12,Electric,Fighting,Ground,Poison,379
12,Fighting,Ground,Ice,Water,380
12,Electric,Ice,Poison,Rock,381
12,Ground,Ice,Normal,Poison,382
12,Fire,Ground,Ice,Rock,383
12,Electric,Fighting,Water,none,384
12,Electric,Fire,Ice,Normal,385
12,Ground,Ice,Water,none,386
12,Fighting,Fire,Ground,Normal,387
12,Fighting,Fire,Poison,Rock,388
12,Fire,Ice,Poison,Rock,389
12,Electric,Ice,Rock,Water,390
12,Fire,Ground,Poison,Water,391
12,Fighting,Normal,Rock,Water,392
12,Fighting,Ice,Poison,Water,393
12,Electric,Fire,Ground,Ice,394
13,Electric,Fire,Rock,Water,395
13,Fighting,Fire,Ground,Poison,396
13,Electric,Normal,none,none,397
13,Electric,Fighting,Fire,Rock,398
13,Electric,Ice,Normal,Water,399
13,Ice,none,none,none,400
13,Electric,Fire,Ground,Water,401
13,Fighting,Fire,Normal,Poison,402
13,Fire,Ice,Normal,Poison,403
13,Electric,Fighting,Poison,none,404
13,Electric,Fire,Normal,Water,405
13,Fighting,Ground,Normal,Rock,406
13,Ground,Normal,none,none,407
13,Fire,Normal,Water,none,408
13,Normal,Poison,none,none,409
13,Ice,Poison,Rock,Water,410
13,Ground,Poison,none,none,411
13,Poison,Rock,Water,none,412
13,Fire,Rock,none,none,413
13,Electric,Fighting,Normal,Rock,414
13,Fighting,Ice,Normal,Poison,415
13,Fighting,Ice,Poison,Rock,416
13,Fighting,Ground,none,none,417
13,Electric,Fighting,Fire,Ground,418
13,Electric,Normal,Water,none,419
13,Electric,Fire,Ground,Rock,420
13,Electric,Ground,Poison,Water,421
13,Electric,Fighting,Ice,Rock,422
13,Electric,Fire,Normal,Rock,423
13,Electric,Rock,none,none,424
13,Fire,Ground,Normal,Poison,425
13,Electric,Fighting,none,none,426
13,Electric,Fighting,Ground,none,427
13,Electric,Fighting,Poison,Water,428
13,Electric,Ice,none,none,429
13,Fighting,Poison,Water,none,430
13,Fire,Rock,Water,none,431
13,Electric,Fire,none,none,432
13,Fighting,Ground,Water,none,433
13,Normal,Rock,Water,none,434
13,Ice,Normal,Rock,none,435
13,Normal,Poison,Water,none,436
13,Electric,Ground,Normal,Poison,437
13,Electric,Ground,Poison,Rock,438
13,Ground,Normal,Poison,none,439
13,Electric,Ground,Water,none,440
13,Fire,Normal,Rock,none,441
13,Electric,Fighting,Ground,Normal,442
13,Electric,Fire,Ice,none,443
13,Fighting,Fire,Ice,none,444
13,Fighting,Fire,Ground,none,445
13,Electric,Ground,Ice,Poison,446
13,Electric,Normal,Poison,none,447
13,Normal,Water,none,none,448
13,Electric,Fighting,Ground,Ice,449
13,Fighting,Ground,Poison,none,450
13,Fighting,Water,none,none,451
13,Electric,Fighting,Ground,Water,452
13,Fighting,Ice,Rock,none,453
13,Ice,Normal,Poison,Rock,454
13,Electric,Rock,Water,none,455
13,Ground,Ice,Normal,Water,456
13,Fighting,Fire,Ice,Normal,457
13,Fire,Poison,Rock,none,458
13,Fighting,Ice,Normal,none,459
13,Fire,Normal,Poison,Rock,460
13,Ice,Normal,Rock,Water,461
13,Fire,Ground,Rock,none,462
13,Fighting,Fire,Ground,Ice,463
13,Fighting,Fire,Ice,Poison,464
13,Fighting,Fire,Rock,Water,465
13,Fire,Ice,Rock,Water,466
13,Electric,Fire,Ice,Water,467
13,Fighting,Ground,Ice,Rock,468
13,Fighting,Fire,Ground,Water,469
13,Fire,Normal,Rock,Water,470
13,Electric,Normal,Poison,Water,471
13,Fire,Ground,Normal,none,472
13,Electric,Poison,Rock,none,473
13,Rock,none,none,none,474
13,Fighting,Fire,Normal,Water,475
13,Fire,Ice,Normal,Water,476
13,Electric,Ground,Rock,none,477
13,Fighting,Ground,Poison,Water,478
13,Ground,Ice,Normal,Rock,479
13,Fighting,Normal,Poison,none,480
13,Electric,Water,none,none,481
13,Electric,Ground,Normal,none,482
13,Fire,Ground,Poison,Rock,483
13,Fire,Poison,Rock,Water,484
13,Electric,Ice,Normal,Rock,485
13,Fighting,Ice,Water,none,486
13,Electric,Fire,Ice,Rock,487
13,Fighting,Fire,Ground,Rock,488
13,Electric,Normal,Poison,Rock,489
13,Fire,Ground,Ice,Poison,490
13,Electric,Ground,Ice,none,491
13,Fire,Ground,Rock,Water,492
13,Fighting,Fire,Normal,Rock,493
13,Fire,Ice,Normal,Rock,494
13,Ground,Poison,Water,none,495
13,Fire,Ground,Normal,Water,496
13,Electric,Poison,Rock,Water,497
13,Ground,none,none,none,498
13,Ground,Ice,Rock,none,499
13,Ice,Poison,none,none,500
13,Electric,Fighting,Fire,Poison,501
13,Electric,Ground,Rock,Water,502
13,Fighting,Normal,none,none,503
13,Rock,Water,none,none,504
13,Fighting,Fire,none,none,505
13,Electric,Ground,Ice,Normal,506
13,Ground,Rock,none,none,507
13,Fighting,Ground,Normal,Poison,508
13,Electric,Ground,Normal,Water,509
13,Electric,Fire,Ice,Poison,510
13,Fire,none,none,none,511
13,Electric,Fighting,Normal,Poison,512
13,Electric,Fighting,Poison,Rock,513
13,Electric,Ice,Water,none,514
13,Ground,Water,none,none,515
13,Electric,Fire,Water,none,516
13,Fighting,Fire,Water,none,517
13,Fire,Ice,Water,none,518
13,Ground,Ice,Poison,none,519
13,Electric,none,none,none,520
13,Electric,Fighting,Ice,Poison,521
13,Ground,Ice,Rock,Water,522
13,Electric,Normal,Rock,none,523
13,Electric,Ice,Poison,none,524
13,Fighting,Normal,Water,none,525
13,Ground,Normal,Poison,Water,526
13,Ground,Normal,Rock,none,527
13,Fire,Ground,Ice,none,528
13,Fighting,Fire,Ice,Water,529
13,Electric,Fire,Poison,none,530
13,Fighting,Fire,Poison,none,531
13,Fire,Ice,Poison,none,532
13,Electric,Fighting,Ground,Rock,533
13,Fighting,Poison,Rock,none,534
13,Ground,Ice,none,none,535
13,Fighting,Ground,Rock,none,536
13,Electric,Fighting,Fire,none,537
13,Normal,Poison,Rock,none,538
13,Fighting,Ice,Rock,Water,539
13,Fire,Ground,Ice,Normal,540
13,Fighting,Ground,Normal,none,541
13,Ground,Normal,Poison,Rock,542
13,Electric,Normal,Rock,Water,543
13,Fighting,Ice,Normal,Water,544
13,Electric,Fighting,Rock,none,545
13,Ice,Normal,none,none,546
13,Fighting,Fire,Ice,Rock,547
13,Electric,Ice,Poison,Water,548
13,Fire,Ground,Ice,Water,549
13,Fire,Ice,none,none,550
13,Fire,Normal,none,none,551
13,Electric,Fighting,Normal,none,552
13,Electric,Fighting,Fire,Normal,553
13,Electric,Fire,Poison,Water,554
13,Electric,Fire,Rock,none,555
13,Fighting,Ground,Poison,Rock,556
13,Fighting,Poison,Rock,Water,557
13,Ground,Normal,Water,none,558
13,Electric,Fighting,Ice,none,559
13,Electric,Fighting,Fire,Ice,560
13,Fighting,Ground,Ice,Poison,561
13,Fighting,Ground,Rock,Water,562
13,Electric,Fighting,Fire,Water,563
13,Normal,Poison,Rock,Water,564
13,Fighting,Ice,Normal,Rock,565
13,Fighting,Normal,Poison,Water,566
13,Water,none,none,none,567
13,Fighting,Ground,Normal,Water,568
13,Fire,Poison,none,none,569
13,Electric,Fighting,Rock,Water,570
13,Electric,Fire,Ground,Normal,571
13,Electric,Fire,Poison,Rock,572
13,Fire,Ground,none,none,573
13,Electric,Fighting,Ice,Normal,574
13,Electric,Ground,Ice,Water,575
13,Fighting,Ice,none,none,576
13,Electric,Ground,Poison,none,577
13,Fire,Ground,Normal,Rock,578
13,Electric,Fighting,Normal,Water,579
13,Ice,Normal,Water,none,580
13,Electric,Ice,Normal,Poison,581
13,Electric,Fire,Ground,Poison,582
13,Fighting,Normal,Poison,Rock,583
13,Ground,Rock,Water,none,584
13,Electric,Fire,Normal,Poison,585
13,Fighting,none,none,none,586
13,Ice,Rock,none,none,587
13,Electric,Fighting,Ice,Water,588
13,Electric,Ground,Normal,Rock,589
13,Poison,Water,none,none,590
13,Normal,none,none,none,591
13,Fighting,Rock,none,none,592
13,Ice,Normal,Poison,none,593
13,Electric,Poison,none,none,594
13,Fighting,Poison,none,none,595
13,Electric,Ground,Ice,Rock,596
13,Ground,Poison,Rock,none,597
13,Ice,Poison,Water,none,598
13,Fire,Normal,Poison,none,599
13,Electric,Ground,none,none,600
13,Normal,Rock,none,none,601
13,Fire,Poison,Water,none,602
13,Ice,Rock,Water,none,603
13,Fire,Ground,Water,none,604
13,Fighting,Ground,Ice,none,605
13,Ground,Ice,Poison,Water,606
13,Fire,Water,none,none,607
13,Ground,Ice,Normal,none,608
13,Electric,Ice,Rock,none,609
13,Ground,Normal,Rock,Water,610
13,Ice,Normal,Poison,Water,611
13,Fire,Ground,Poison,none,612
13,Fighting,Normal,Rock,none,613
13,Fighting,Ground,Ice,Normal,614
13,Fighting,Ice,Poison,none,615
13,Ground,Poison,Rock,Water,616
13,Fighting,Fire,Poison,Water,617
13,Poison,none,none,none,618
13,Electric,Ice,Normal,none,619
13,Fighting,Fire,Rock,none,620
13,Fighting,Rock,Water,none,621
13,Electric,Fire,Ground,none,622
13,Fire,Ice,Rock,none,623
13,Fire,Ice,Poison,Water,624
13,Fire,Normal,Poison,Water,625
13,Ground,Ice,Poison,Rock,626
13,Electric,Fire,Normal,none,627
13,Electric,Poison,Water,none,628
13,Ice,Water,none,none,629
13,Fighting,Fire,Normal,none,630
13,Poison,Rock,none,none,631
13,Fire,Ice,Normal,none,632
13,Ice,Poison,Rock,none,633
13,Electric,Fighting,Ground,Poison,634
13,Fighting,Ground,Ice,Water,635
13,Electric,Ice,Poison,Rock,636
13,Ground,Ice,Normal,Poison,637
13,Fire,Ground,Ice,Rock,638
13,Electric,Fighting,Water,none,639
13,Electric,Fire,Ice,Normal,640
13,Ground,Ice,Water,none,641
13,Fighting,Fire,Ground,Normal,642
13,Fighting,Fire,Poison,Rock,643
13,Fire,Ice,Poison,Rock,644
13,Electric,Ice,Rock,Water,645
13,Fire,Ground,Poison,Water,646
13,Fighting,Normal,Rock,Water,647
13,Fighting,Ice,Poison,Water,648
13,Electric,Fire,Ground,Ice,649
14,Fire,Psychic,Water,none,650
14,Electric,Normal,none,none,651
14,Electric,Ice,Normal,Water,652
14,Ice,none,none,none,653
14,Electric,Fire,Ice,Water,654
14,Electric,Fire,Normal,Water,655
14,Normal,none,none,none,656
14,Fire,Normal,Water,none,657
14,Fire,Ice,Normal,Water,658
14,Electric,Normal,Psychic,Water,659
14,Fire,Ice,Psychic,none,660
14,Ice,Psychic,Water,none,661
14,Electric,Ice,Psychic,none,662
14,Electric,Water,none,none,663
14,Electric,Normal,Water,none,664
14,Electric,Psychic,Water,none,665
14,Fire,Normal,Psychic,none,666
14,Normal,Psychic,Water,none,667
14,Ice,Normal,Psychic,none,668
14,Electric,Fire,Psychic,none,669
14,Fire,Water,none,none,670
14,Ice,Normal,none,none,671
14,Electric,Ice,none,none,672
14,Fire,Ice,none,none,673
14,Fire,Normal,none,none,674
14,Psychic,none,none,none,675
14,Fire,Psychic,none,none,676
14,Electric,Fire,Normal,Psychic,677
14,Electric,Fire,none,none,678
14,Electric,Ice,Normal,none,679
14,Electric,Ice,Psychic,Water,680
14,Electric,Fire,Ice,none,681
14,Fire,Ice,Psychic,Water,682
14,Electric,Fire,Normal,none,683
14,Fire,Ice,Normal,none,684
14,Ice,Water,none,none,685
14,Fire,Normal,Psychic,Water,686
14,Water,none,none,none,687
14,Normal,Water,none,none,688
14,Fire,none,none,none,689
14,Electric,Fire,Psychic,Water,690
14,Ice,Psychic,none,none,691
14,Electric,Normal,Psychic,none,692
14,Ice,Normal,Psychic,Water,693
14,Electric,Ice,Water,none,694
14,Normal,Psychic,none,none,695
14,Psychic,Water,none,none,696
14,Electric,Fire,Ice,Normal,697
14,Electric,Psychic,none,none,698
14,Electric,Ice,Normal,Psychic,699
14,Ice,Normal,Water,none,700
14,Electric,Fire,Water,none,701
14,Fire,Ice,Water,none,702
14,Electric,Fire,Ice,Psychic,703
14,Electric,none,none,none,704
14,Fire,Ice,Normal,Psychic,705
15,Fire,Normal,none,none,706
15,Fire,none,none,none,707
15,Ground,none,none,none,708
15,Fire,Ground,none,none,709
15,Normal,none,none,none,710
15,Ground,Normal,none,none,711
15,Fire,Ground,Normal,none,712
16,Fire,Psychic,Water,none,713
16,Electric,Normal,none,none,714
16,Electric,Ice,Normal,Water,715
16,Ice,none,none,none,716
16,Electric,Fire,Ice,Water,717
16,Electric,Fire,Normal,Water,718
16,Normal,none,none,none,719
16,Fire,Normal,Water,none,720
16,Fire,Ice,Normal,Water,721
16,Electric,Normal,Psychic,Water,722
16,Fire,Ice,Psychic,none,723
16,Ice,Psychic,Water,none,724
16,Electric,Ice,Psychic,none,725
16,Electric,Water,none,none,726
16,Electric,Normal,Water,none,727
16,Electric,Psychic,Water,none,728
16,Fire,Normal,Psychic,none,729
16,Normal,Psychic,Water,none,730
16,Ice,Normal,Psychic,none,731
16,Electric,Fire,Psychic,none,732
16,Fire,Water,none,none,733
16,Ice,Normal,none,none,734
16,Electric,Ice,none,none,735
16,Fire,Ice,none,none,736
16,Fire,Normal,none,none,737
16,Psychic,none,none,none,738
16,Fire,Psychic,none,none,739
16,Electric,Fire,Normal,Psychic,740
16,Electric,Fire,none,none,741
16,Electric,Ice,Normal,none,742
16,Electric,Ice,Psychic,Water,743
16,Electric,Fire,Ice,none,744
16,Fire,Ice,Psychic,Water,745
16,Electric,Fire,Normal,none,746
16,Fire,Ice,Normal,none,747
16,Ice,Water,none,none,748
16,Fire,Normal,Psychic,Water,749
16,Water,none,none,none,750
16,Normal,Water,none,none,751
16,Fire,none,none,none,752
16,Electric,Fire,Psychic,Water,753
16,Ice,Psychic,none,none,754
16,Electric,Normal,Psychic,none,755
16,Ice,Normal,Psychic,Water,756
16,Electric,Ice,Water,none,757
16,Normal,Psychic,none,none,758
16,Psychic,Water,none,none,759
16,Electric,Fire,Ice,Normal,760
16,Electric,Psychic,none,none,761
16,Electric,Ice,Normal,Psychic,762
16,Ice,Normal,Water,none,763
16,Electric,Fire,Water,none,764
16,Fire,Ice,Water,none,765
16,Electric,Fire,Ice,Psychic,766
16,Electric,none,none,none,767
16,Fire,Ice,Normal,Psychic,768
17,Bug,Flying,Grass,Normal,769
17,Bug,Flying,Normal,none,770
17,Bug,none,none,none,771
17,Grass,none,none,none,772
17,Bug,Grass,none,none,773
17,Flying,Grass,Normal,none,774
17,Bug,Grass,Normal,none,775
17,Normal,none,none,none,776
17,Bug,Flying,Grass,none,777
17,Flying,Normal,none,none,778
17,Grass,Normal,none,none,779
17,Bug,Normal,none,none,780
17,Flying,none,none,none,781
17,Flying,Grass,none,none,782
17,Bug,Flying,none,none,783
18,Grass,none,none,none,784
18,Grass,Normal,Poison,none,785
18,Poison,none,none,none,786
18,Normal,none,none,none,787
18,Normal,Poison,none,none,788
18,Grass,Normal,none,none,789
18,Grass,Poison,none,none,790
19,Grass,Ground,none,none,791
19,Bug,Ground,none,none,792
19,Bug,Grass,Ground,Normal,793
19,Ground,none,none,none,794
19,Bug,Grass,Ground,none,795
19,Bug,none,none,none,796
19,Grass,none,none,none,797
19,Bug,Grass,none,none,798
19,Bug,Grass,Normal,none,799
19,Normal,none,none,none,800
19,Ground,Normal,none,none,801
19,Grass,Normal,none,none,802
19,Bug,Ground,Normal,none,803
19,Bug,Normal,none,none,804
19,Grass,Ground,Normal,none,805
20,Bug,Psychic,none,none,806
20,Psychic,none,none,none,807
20,Bug,none,none,none,808
20,Grass,none,none,none,809
20,Bug,Grass,none,none,810
20,Bug,Grass,Normal,Psychic,811
20,Bug,Grass,Normal,none,812
20,Normal,none,none,none,813
20,Normal,Psychic,none,none,814
20,Grass,Normal,none,none,815
20,Bug,Grass,Psychic,none,816
20,Bug,Normal,none,none,817
20,Grass,Psychic,none,none,818
20,Grass,Normal,Psychic,none,819
20,Bug,Normal,Psychic,none,820
21,Ground,none,none,none,821
21,Ground,Normal,Rock,none,822
21,Ground,Normal,none,none,823
21,Normal,none,none,none,824
21,Rock,none,none,none,825
21,Ground,Rock,none,none,826
21,Normal,Rock,none,none,827
22,Water,none,none,none,828
22,Normal,Water,none,none,829
22,Electric,Normal,none,none,830
22,Electric,Water,none,none,831
22,Electric,Normal,Water,none,832
22,Normal,none,none,none,833
22,Electric,none,none,none,834
23,Ice,none,none,none,835
23,Ground,Ice,Psychic,none,836
23,Normal,none,none,none,837
23,Ground,Normal,none,none,838
23,Ground,Psychic,Water,none,839
23,Ground,Ice,none,none,840
23,Ice,Psychic,Water,none,841
23,Ground,Normal,Psychic,Water,842
23,Normal,Psychic,Water,none,843
23,Ice,Normal,Psychic,none,844
23,Ice,Normal,none,none,845
23,Ground,Ice,Psychic,Water,846
23,Ground,Ice,Normal,none,847
23,Psychic,none,none,none,848
23,Ground,none,none,none,849
23,Ground,Normal,Water,none,850
23,Ground,Ice,Normal,Psychic,851
23,Ice,Water,none,none,852
23,Water,none,none,none,853
23,Ground,Psychic,none,none,854
23,Normal,Water,none,none,855
23,Ice,Psychic,none,none,856
23,Ice,Normal,Psychic,Water,857
23,Normal,Psychic,none,none,858
23,Psychic,Water,none,none,859
23,Ground,Water,none,none,860
23,Ground,Ice,Water,none,861
23,Ice,Normal,Water,none,862
23,Ground,Normal,Psychic,none,863
23,Ground,Ice,Normal,Water,864
24,Fighting,none,none,none,865
24,Electric,Normal,none,none,866
24,Electric,Ground,Normal,Rock,867
24,Ground,Normal,Rock,none,868
24,Fighting,Ground,Normal,Rock,869
24,Normal,none,none,none,870
24,Ground,Normal,none,none,871
24,Rock,none,none,none,872
24,Fighting,Rock,none,none,873
24,Electric,Fighting,Ground,Rock,874
24,Electric,Ground,Rock,none,875
24,Electric,Ground,none,none,876
24,Normal,Rock,none,none,877
24,Electric,Fighting,Normal,Rock,878
24,Fighting,Ground,Rock,none,879
24,Fighting,Ground,none,none,880
24,Electric,Ground,Normal,none,881
24,Fighting,Ground,Normal,none,882
24,Electric,Rock,none,none,883
24,Electric,Fighting,Rock,none,884
24,Electric,Fighting,none,none,885
24,Electric,Fighting,Ground,none,886
24,Electric,Fighting,Normal,none,887
24,Ground,none,none,none,888
24,Fighting,Normal,Rock,none,889
24,Fighting,Normal,none,none,890
24,Ground,Rock,none,none,891
24,Electric,Fighting,Ground,Normal,892
24,Electric,none,none,none,893
24,Electric,Normal,Rock,none,894
25,Fire,Normal,none,none,895
25,Fire,none,none,none,896
25,Ground,none,none,none,897
25,Fire,Ground,none,none,898
25,Normal,none,none,none,899
25,Ground,Normal,none,none,900
25,Fire,Ground,Normal,none,901
26,Ice,none,none,none,902
26,Ground,Ice,Psychic,none,903
26,Normal,none,none,none,904
26,Ground,Normal,none,none,905
26,Ground,Psychic,Water,none,906
26,Ground,Ice,none,none,907
26,Ice,Psychic,Water,none,908
26,Ground,Normal,Psychic,Water,909
26,Normal,Psychic,Water,none,910
26,Ice,Normal,Psychic,none,911
26,Ice,Normal,none,none,912
26,Ground,Ice,Psychic,Water,913
26,Ground,Ice,Normal,none,914
26,Psychic,none,none,none,915
26,Ground,none,none,none,916
26,Ground,Normal,Water,none,917
26,Ground,Ice,Normal,Psychic,918
26,Ice,Water,none,none,919
26,Water,none,none,none,920
26,Ground,Psychic,none,none,921
26,Normal,Water,none,none,922
26,Ice,Psychic,none,none,923
26,Ice,Normal,Psychic,Water,924
26,Normal,Psychic,none,none,925
26,Psychic,Water,none,none,926
26,Ground,Water,none,none,927
26,Ground,Ice,Water,none,928
26,Ice,Normal,Water,none,929
26,Ground,Normal,Psychic,none,930
26,Ground,Ice,Normal,Water,931
27,Ground,Psychic,none,none,932
27,Psychic,none,none,none,933
27,Ground,none,none,none,934
27,Ground,Normal,none,none,935
27,Normal,none,none,none,936
27,Normal,Psychic,none,none,937
27,Ground,Normal,Psychic,none,938
28,Fighting,none,none,none,939
28,Fire,Ground,Rock,none,940
28,Ground,Normal,Rock,none,941
28,Fighting,Ground,Normal,Rock,942
28,Normal,none,none,none,943
28,Ground,Normal,none,none,944
28,Fire,Ground,Normal,none,945
28,Rock,none,none,none,946
28,Fighting,Rock,none,none,947
28,Fire,Rock,none,none,948
28,Normal,Rock,none,none,949
28,Fighting,Ground,Rock,none,950
28,Fighting,Ground,none,none,951
28,Fighting,Ground,Normal,none,952
28,Fighting,Fire,Ground,Rock,953
28,Fighting,Fire,Normal,Rock,954
28,Fire,Normal,none,none,955
28,Ground,none,none,none,956
28,Fighting,Normal,Rock,none,957
28,Fighting,Normal,none,none,958
28,Fighting,Fire,Rock,none,959
28,Fighting,Fire,none,none,960
28,Ground,Rock,none,none,961
28,Fire,Normal,Rock,none,962
28,Fighting,Fire,Ground,none,963
28,Fighting,Fire,Normal,none,964
28,Fire,none,none,none,965
28,Fire,Ground,none,none,966
28,Fire,Ground,Normal,Rock,967
28,Fighting,Fire,Ground,Normal,968
29,Grass,none,none,none,969
29,Grass,Normal,Poison,none,970
29,Poison,none,none,none,971
29,Normal,none,none,none,972
29,Normal,Poison,none,none,973
29,Grass,Normal,none,none,974
29,Grass,Poison,none,none,975
30,Ice,none,none,none,976
30,Grass,none,none,none,977
30,Poison,Water,none,none,978
30,Normal,none,none,none,979
30,Normal,Poison,none,none,980
30,Grass,Ice,none,none,981
30,Grass,Normal,none,none,982
30,Ice,Normal,Poison,none,983
30,Ice,Poison,Water,none,984
30,Grass,Ice,Poison,Water,985
30,Grass,Ice,Normal,none,986
30,Grass,Normal,Poison,Water,987
30,Grass,Poison,none,none,988
30,Ice,Normal,none,none,989
30,Grass,Ice,Water,none,990
30,Grass,Normal,Water,none,991
30,Grass,Ice,Normal,Poison,992
30,Ice,Normal,Poison,Water,993
30,Ice,Poison,none,none,994
30,Normal,Poison,Water,none,995
30,Poison,none,none,none,996
30,Grass,Ice,Normal,Water,997
30,Grass,Poison,Water,none,998
30,Ice,Water,none,none,999
30,Water,none,none,none,1000
30,Normal,Water,none,none,1001
30,Grass,Ice,Poison,none,1002
30,Grass,Normal,Poison,none,1003
30,Grass,Water,none,none,1004
30,Ice,Normal,Water,none,1005
31,Fire,Normal,none,none,1006
31,Fire,none,none,none,1007
31,Ground,none,none,none,1008
31,Fire,Ground,Rock,none,1009
31,Ground,Normal,Rock,none,1010
31,Fire,Ground,none,none,1011
31,Normal,none,none,none,1012
31,Ground,Normal,none,none,1013
31,Fire,Ground,Normal,none,1014
31,Rock,none,none,none,1015
31,Fire,Ground,Normal,Rock,1016
31,Ground,Rock,none,none,1017
31,Fire,Normal,Rock,none,1018
31,Fire,Rock,none,none,1019
31,Normal,Rock,none,none,1020
32,Fire,Normal,none,none,1021
32,Fire,none,none,none,1022
32,Normal,none,none,none,1023
33,Fire,Psychic,Water,none,1024
33,Ice,none,none,none,1025
33,Fire,Ground,Psychic,Water,1026
33,Ground,Ice,Psychic,none,1027
33,Fire,Ground,Ice,none,1028
33,Normal,none,none,none,1029
33,Ground,Normal,none,none,1030
33,Fire,Ground,Normal,none,1031
33,Fire,Normal,Water,none,1032
33,Fire,Ice,Normal,Water,1033
33,Ground,Psychic,Water,none,1034
33,Fire,Ice,Psychic,none,1035
33,Ground,Ice,none,none,1036
33,Ice,Psychic,Water,none,1037
33,Fire,Normal,Psychic,none,1038
33,Ground,Normal,Psychic,Water,1039
33,Fire,Ground,Water,none,1040
33,Normal,Psychic,Water,none,1041
33,Fire,Ground,Ice,Normal,1042
33,Fire,Ground,Ice,Psychic,1043
33,Fire,Ground,Normal,Psychic,1044
33,Ice,Normal,Psychic,none,1045
33,Fire,Water,none,none,1046
33,Ice,Normal,none,none,1047
33,Ground,Ice,Psychic,Water,1048
33,Ground,Ice,Normal,none,1049
33,Fire,Ground,Ice,Water,1050
33,Fire,Ice,none,none,1051
33,Fire,Normal,none,none,1052
33,Psychic,none,none,none,1053
33,Ground,none,none,none,1054
33,Fire,Psychic,none,none,1055
33,Fire,Ground,Normal,Water,1056
33,Ground,Normal,Water,none,1057
33,Fire,Ground,Psychic,none,1058
33,Fire,Ice,Psychic,Water,1059
33,Fire,Normal,Psychic,Water,1060
33,Fire,Ice,Normal,none,1061
33,Ice,Water,none,none,1062
33,Ground,Ice,Normal,Psychic,1063
33,Water,none,none,none,1064
33,Ground,Psychic,none,none,1065
33,Normal,Water,none,none,1066
33,Fire,none,none,none,1067
33,Ice,Psychic,none,none,1068
33,Ice,Normal,Psychic,Water,1069
33,Fire,Ground,none,none,1070
33,Normal,Psychic,none,none,1071
33,Psychic,Water,none,none,1072
33,Ground,Water,none,none,1073
33,Ground,Ice,Water,none,1074
33,Ice,Normal,Water,none,1075
33,Ground,Normal,Psychic,none,1076
33,Fire,Ice,Water,none,1077
33,Ground,Ice,Normal,Water,1078
33,Fire,Ice,Normal,Psychic,1079
34,Electric,none,none,none,1080
34,Electric,Normal,none,none,1081
34,Normal,none,none,none,1082
35,Flying,none,none,none,1083
35,Flying,Normal,none,none,1084
35,Normal,none,none,none,1085
36,Flying,none,none,none,1086
36,Flying,Normal,none,none,1087
36,Normal,none,none,none,1088
37,Water,none,none,none,1089
37,Normal,Water,none,none,1090
37,Ice,none,none,none,1091
37,Normal,none,none,none,1092
37,Ice,Normal,Water,none,1093
37,Ice,Normal,none,none,1094
37,Ice,Water,none,none,1095
38,Electric,Fire,Normal,Poison,1096
38,Electric,Normal,none,none,1097
38,Fire,Grass,none,none,1098
38,Grass,none,none,none,1099
38,Electric,Grass,none,none,1100
38,Normal,none,none,none,1101
38,Normal,Poison,none,none,1102
38,Grass,Normal,none,none,1103
38,Electric,Poison,none,none,1104
38,Electric,Fire,Poison,none,1105
38,Electric,Grass,Normal,none,1106
38,Fire,Grass,Normal,none,1107
38,Fire,Normal,Poison,none,1108
38,Grass,Poison,none,none,1109
38,Electric,Fire,Grass,none,1110
38,Electric,Grass,Normal,Poison,1111
38,Fire,Grass,Normal,Poison,1112
38,Fire,Normal,none,none,1113
38,Electric,Fire,none,none,1114
38,Poison,none,none,none,1115
38,Electric,Fire,Grass,Normal,1116
38,Electric,Fire,Normal,none,1117
38,Electric,Normal,Poison,none,1118
38,Fire,none,none,none,1119
38,Fire,Grass,Poison,none,1120
38,Fire,Poison,none,none,1121
38,Electric,Fire,Grass,Poison,1122
38,Electric,Grass,Poison,none,1123
38,Grass,Normal,Poison,none,1124
38,Electric,none,none,none,1125
39,Water,none,none,none,1126
39,Normal,Water,none,none,1127
39,Ice,none,none,none,1128
39,Normal,none,none,none,1129
39,Ice,Normal,Water,none,1130
39,Ice,Normal,none,none,1131
39,Ice,Water,none,none,1132
40,Electric,Normal,none,none,1133
40,Grass,none,none,none,1134
40,Electric,Grass,none,none,1135
40,Normal,none,none,none,1136
40,Ghost,Normal,Psychic,none,1137
40,Ghost,Psychic,none,none,1138
40,Grass,Normal,none,none,1139
40,Ghost,Grass,Psychic,none,1140
40,Grass,Psychic,none,none,1141
40,Electric,Grass,Normal,none,1142
40,Electric,Ghost,Psychic,none,1143
40,Ghost,Grass,none,none,1144
40,Grass,Normal,Psychic,none,1145
40,Electric,Ghost,Grass,none,1146
40,Electric,Grass,Normal,Psychic,1147
40,Electric,Ghost,none,none,1148
40,Ghost,Normal,none,none,1149
40,Psychic,none,none,none,1150
40,Electric,Ghost,Grass,Normal,1151
40,Electric,Ghost,Normal,none,1152
40,Ghost,Grass,Normal,none,1153
40,Electric,Ghost,Grass,Psychic,1154
40,Electric,Ghost,Normal,Psychic,1155
40,Electric,Normal,Psychic,none,1156
40,Ghost,Grass,Normal,Psychic,1157
40,Ghost,none,none,none,1158
40,Normal,Psychic,none,none,1159
40,Electric,Psychic,none,none,1160
40,Electric,Grass,Psychic,none,1161
40,Electric,none,none,none,1162
41,Ground,none,none,none,1163
41,Ground,Normal,Rock,none,1164
41,Ground,Normal,none,none,1165
41,Normal,none,none,none,1166
41,Rock,none,none,none,1167
41,Ground,Rock,none,none,1168
41,Normal,Rock,none,none,1169
42,Psychic,none,none,none,1170
42,Normal,Psychic,none,none,1171
42,Normal,none,none,none,1172
43,Water,none,none,none,1173
43,Normal,Water,none,none,1174
43,Ice,none,none,none,1175
43,Normal,none,none,none,1176
43,Ice,Normal,Water,none,1177
43,Ice,Normal,none,none,1178
43,Ice,Water,none,none,1179
44,Electric,none,none,none,1180
44,Electric,Normal,none,none,1181
44,Normal,none,none,none,1182
45,Psychic,none,none,none,1183
45,Grass,none,none,none,1184
45,Normal,none,none,none,1185
45,Normal,Psychic,none,none,1186
45,Grass,Normal,none,none,1187
45,Grass,Psychic,none,none,1188
45,Grass,Normal,Psychic,none,1189
46,Ice,none,none,none,1190
46,Fire,Ground,Ice,none,1191
46,Normal,none,none,none,1192
46,Ground,Normal,none,none,1193
46,Fire,Ground,Normal,none,1194
46,Fire,Normal,Water,none,1195
46,Fire,Ice,Normal,Water,1196
46,Ground,Ice,none,none,1197
46,Fire,Ground,Water,none,1198
46,Fire,Ground,Ice,Normal,1199
46,Fire,Water,none,none,1200
46,Ice,Normal,none,none,1201
46,Ground,Ice,Normal,none,1202
46,Fire,Ground,Ice,Water,1203
46,Fire,Ice,none,none,1204
46,Fire,Normal,none,none,1205
46,Fire,Ground,Normal,Water,1206
46,Ground,none,none,none,1207
46,Ground,Normal,Water,none,1208
46,Fire,Ice,Normal,none,1209
46,Ice,Water,none,none,1210
46,Water,none,none,none,1211
46,Normal,Water,none,none,1212
46,Fire,none,none,none,1213
46,Fire,Ground,none,none,1214
46,Ground,Water,none,none,1215
46,Ground,Ice,Water,none,1216
46,Ice,Normal,Water,none,1217
46,Ground,Ice,Normal,Water,1218
46,Fire,Ice,Water,none,1219
47,Fighting,none,none,none,1220
47,Fighting,Normal,none,none,1221
47,Normal,none,none,none,1222
48,Fire,Ice,none,none,1223
48,Electric,Normal,none,none,1224
48,Fire,none,none,none,1225
48,Fire,Normal,none,none,1226
48,Ice,none,none,none,1227
48,Electric,Fire,none,none,1228
48,Normal,none,none,none,1229
48,Electric,Ice,Normal,none,1230
48,Electric,Fire,Ice,Normal,1231
48,Ice,Normal,none,none,1232
48,Electric,Fire,Ice,none,1233
48,Electric,none,none,none,1234
48,Electric,Fire,Normal,none,1235
48,Fire,Ice,Normal,none,1236
48,Electric,Ice,none,none,1237
49,Electric,Normal,none,none,1238
49,Electric,Ice,Normal,Water,1239
49,Ice,none,none,none,1240
49,Electric,Fire,Ground,Water,1241
49,Electric,Fire,Ice,Water,1242
49,Electric,Fire,Normal,Water,1243
49,Fire,Ground,Ice,none,1244
49,Normal,none,none,none,1245
49,Ground,Normal,none,none,1246
49,Fire,Ground,Normal,none,1247
49,Fire,Normal,Water,none,1248
49,Fire,Ice,Normal,Water,1249
49,Electric,Ground,none,none,1250
49,Ground,Ice,none,none,1251
49,Electric,Water,none,none,1252
49,Electric,Ground,Normal,none,1253
49,Electric,Normal,Water,none,1254
49,Fire,Ground,Water,none,1255
49,Fire,Ground,Ice,Normal,1256
49,Fire,Water,none,none,1257
49,Electric,Ground,Ice,none,1258
49,Ice,Normal,none,none,1259
49,Ground,Ice,Normal,none,1260
49,Electric,Ice,none,none,1261
49,Fire,Ground,Ice,Water,1262
49,Fire,Ice,none,none,1263
49,Fire,Normal,none,none,1264
49,Fire,Ground,Normal,Water,1265
49,Ground,none,none,none,1266
49,Electric,Fire,none,none,1267
49,Ground,Normal,Water,none,1268
49,Electric,Ice,Normal,none,1269
49,Electric,Fire,Ground,none,1270
49,Electric,Ground,Water,none,1271
49,Electric,Ground,Ice,Normal,1272
49,Electric,Fire,Ice,none,1273
49,Electric,Ground,Normal,Water,1274
49,Electric,Fire,Normal,none,1275
49,Fire,Ice,Normal,none,1276
49,Ice,Water,none,none,1277
49,Water,none,none,none,1278
49,Normal,Water,none,none,1279
49,Fire,none,none,none,1280
49,Electric,Fire,Ground,Normal,1281
49,Electric,Ice,Water,none,1282
49,Fire,Ground,none,none,1283
49,Electric,Fire,Ice,Normal,1284
49,Electric,Ground,Ice,Water,1285
49,Ground,Water,none,none,1286
49,Ground,Ice,Water,none,1287
49,Ice,Normal,Water,none,1288
49,Electric,Fire,Water,none,1289
49,Fire,Ice,Water,none,1290
49,Ground,Ice,Normal,Water,1291
49,Electric,none,none,none,1292
49,Electric,Fire,Ground,Ice,1293
50,Fire,Normal,none,none,1294
50,Electric,Normal,none,none,1295
50,Fire,none,none,none,1296
50,Electric,Fire,Normal,Poison,1297
50,Fire,Poison,none,none,1298
50,Electric,Fire,none,none,1299
50,Poison,none,none,none,1300
50,Normal,none,none,none,1301
50,Normal,Poison,none,none,1302
50,Electric,Poison,none,none,1303
50,Electric,Fire,Poison,none,1304
50,Electric,none,none,none,1305
50,Electric,Fire,Normal,none,1306
50,Fire,Normal,Poison,none,1307
50,Electric,Normal,Poison,none,1308
51,Electric,Fire,Rock,Water,1309
51,Electric,Normal,none,none,1310
51,Electric,Ice,Normal,Water,1311
51,Ice,none,none,none,1312
51,Electric,Fire,Ground,Water,1313
51,Electric,Fire,Normal,Water,1314
51,Ground,Normal,none,none,1315
51,Fire,Normal,Water,none,1316
51,Fire,Rock,none,none,1317
51,Electric,Normal,Water,none,1318
51,Electric,Fire,Ground,Rock,1319
51,Electric,Fire,Normal,Rock,1320
51,Electric,Rock,none,none,1321
51,Electric,Ice,none,none,1322
51,Fire,Rock,Water,none,1323
51,Electric,Fire,none,none,1324
51,Normal,Rock,Water,none,1325
51,Ice,Normal,Rock,none,1326
51,Electric,Ground,Water,none,1327
51,Fire,Normal,Rock,none,1328
51,Electric,Fire,Ice,none,1329
51,Normal,Water,none,none,1330
51,Electric,Rock,Water,none,1331
51,Ground,Ice,Normal,Water,1332
51,Ice,Normal,Rock,Water,1333
51,Fire,Ground,Rock,none,1334
51,Fire,Ice,Rock,Water,1335
51,Fire,Normal,Rock,Water,1336
51,Electric,Fire,Ice,Water,1337
51,Fire,Ground,Normal,none,1338
51,Rock,none,none,none,1339
51,Fire,Ice,Normal,Water,1340
51,Electric,Ground,Rock,none,1341
51,Ground,Ice,Normal,Rock,1342
51,Electric,Water,none,none,1343
51,Electric,Ground,Normal,none,1344
51,Electric,Ice,Normal,Rock,1345
51,Electric,Fire,Ice,Rock,1346
51,Fire,Ground,Rock,Water,1347
51,Electric,Ground,Ice,none,1348
51,Fire,Ice,Normal,Rock,1349
51,Fire,Ground,Normal,Water,1350
51,Ground,none,none,none,1351
51,Ground,Ice,Rock,none,1352
51,Electric,Ground,Rock,Water,1353
51,Rock,Water,none,none,1354
51,Electric,Ground,Ice,Normal,1355
51,Ground,Rock,none,none,1356
51,Electric,Ground,Normal,Water,1357
51,Fire,none,none,none,1358
51,Electric,Ice,Water,none,1359
51,Ground,Water,none,none,1360
51,Electric,Fire,Water,none,1361
51,Fire,Ice,Water,none,1362
51,Electric,none,none,none,1363
51,Ground,Ice,Rock,Water,1364
51,Electric,Normal,Rock,none,1365
51,Ground,Normal,Rock,none,1366
51,Fire,Ground,Ice,none,1367
51,Ground,Ice,none,none,1368
51,Fire,Ground,Ice,Normal,1369
51,Electric,Normal,Rock,Water,1370
51,Ice,Normal,none,none,1371
51,Fire,Ground,Ice,Water,1372
51,Fire,Ice,none,none,1373
51,Fire,Normal,none,none,1374
51,Electric,Fire,Rock,none,1375
51,Ground,Normal,Water,none,1376
51,Water,none,none,none,1377
51,Electric,Fire,Ground,Normal,1378
51,Fire,Ground,none,none,1379
51,Electric,Ground,Ice,Water,1380
51,Fire,Ground,Normal,Rock,1381
51,Ice,Normal,Water,none,1382
51,Ground,Rock,Water,none,1383
51,Ice,Rock,none,none,1384
51,Electric,Ground,Normal,Rock,1385
51,Normal,none,none,none,1386
51,Electric,Ground,Ice,Rock,1387
51,Electric,Ground,none,none,1388
51,Normal,Rock,none,none,1389
51,Ice,Rock,Water,none,1390
51,Fire,Ground,Water,none,1391
51,Fire,Water,none,none,1392
51,Ground,Ice,Normal,none,1393
51,Electric,Ice,Rock,none,1394
51,Ground,Normal,Rock,Water,1395
51,Fire,Ice,Rock,none,1396
51,Electric,Ice,Normal,none,1397
51,Electric,Fire,Ground,none,1398
51,Electric,Fire,Normal,none,1399
51,Fire,Ice,Normal,none,1400
51,Ice,Water,none,none,1401
51,Fire,Ground,Ice,Rock,1402
51,Electric,Fire,Ice,Normal,1403
51,Ground,Ice,Water,none,1404
51,Electric,Ice,Rock,Water,1405
51,Electric,Fire,Ground,Ice,1406
52,Fire,Psychic,Water,none,1407
52,Electric,Normal,none,none,1408
52,Electric,Ice,Normal,Water,1409
52,Ice,none,none,none,1410
52,Electric,Fire,Ice,Water,1411
52,Electric,Fire,Normal,Water,1412
52,Normal,none,none,none,1413
52,Fire,Normal,Water,none,1414
52,Fire,Ice,Normal,Water,1415
52,Electric,Normal,Psychic,Water,1416
52,Fire,Ice,Psychic,none,1417
52,Ice,Psychic,Water,none,1418
52,Electric,Ice,Psychic,none,1419
52,Electric,Water,none,none,1420
52,Electric,Normal,Water,none,1421
52,Electric,Psychic,Water,none,1422
52,Fire,Normal,Psychic,none,1423
52,Normal,Psychic,Water,none,1424
52,Ice,Normal,Psychic,none,1425
52,Electric,Fire,Psychic,none,1426
52,Fire,Water,none,none,1427
52,Ice,Normal,none,none,1428
52,Electric,Ice,none,none,1429
52,Fire,Ice,none,none,1430
52,Fire,Normal,none,none,1431
52,Psychic,none,none,none,1432
52,Fire,Psychic,none,none,1433
52,Electric,Fire,Normal,Psychic,1434
52,Electric,Fire,none,none,1435
52,Electric,Ice,Normal,none,1436
52,Electric,Ice,Psychic,Water,1437
52,Electric,Fire,Ice,none,1438
52,Fire,Ice,Psychic,Water,1439
52,Electric,Fire,Normal,none,1440
52,Fire,Ice,Normal,none,1441
52,Ice,Water,none,none,1442
52,Fire,Normal,Psychic,Water,1443
52,Water,none,none,none,1444
52,Normal,Water,none,none,1445
52,Fire,none,none,none,1446
52,Electric,Fire,Psychic,Water,1447
52,Ice,Psychic,none,none,1448
52,Electric,Normal,Psychic,none,1449
52,Ice,Normal,Psychic,Water,1450
52,Electric,Ice,Water,none,1451
52,Normal,Psychic,none,none,1452
52,Psychic,Water,none,none,1453
52,Electric,Fire,Ice,Normal,1454
52,Electric,Psychic,none,none,1455
52,Electric,Ice,Normal,Psychic,1456
52,Ice,Normal,Water,none,1457
52,Electric,Fire,Water,none,1458
52,Fire,Ice,Water,none,1459
52,Electric,Fire,Ice,Psychic,1460
52,Electric,none,none,none,1461
52,Fire,Ice,Normal,Psychic,1462
53,Grass,Normal,none,none,1463
53,Grass,none,none,none,1464
53,Normal,none,none,none,1465
54,Electric,Fire,Rock,Water,1466
54,Electric,Normal,none,none,1467
54,Electric,Ice,Normal,Water,1468
54,Ice,none,none,none,1469
54,Electric,Fire,Ground,Water,1470
54,Electric,Fire,Normal,Water,1471
54,Ground,Normal,none,none,1472
54,Fire,Normal,Water,none,1473
54,Fire,Rock,none,none,1474
54,Electric,Normal,Water,none,1475
54,Electric,Fire,Ground,Rock,1476
54,Electric,Fire,Normal,Rock,1477
54,Electric,Rock,none,none,1478
54,Electric,Ice,none,none,1479
54,Fire,Rock,Water,none,1480
54,Electric,Fire,none,none,1481
54,Normal,Rock,Water,none,1482
54,Ice,Normal,Rock,none,1483
54,Electric,Ground,Water,none,1484
54,Fire,Normal,Rock,none,1485
54,Electric,Fire,Ice,none,1486
54,Normal,Water,none,none,1487
54,Electric,Rock,Water,none,1488
54,Ground,Ice,Normal,Water,1489
54,Ice,Normal,Rock,Water,1490
54,Fire,Ground,Rock,none,1491
54,Fire,Ice,Rock,Water,1492
54,Fire,Normal,Rock,Water,1493
54,Electric,Fire,Ice,Water,1494
54,Fire,Ground,Normal,none,1495
54,Rock,none,none,none,1496
54,Fire,Ice,Normal,Water,1497
54,Electric,Ground,Rock,none,1498
54,Ground,Ice,Normal,Rock,1499
54,Electric,Water,none,none,1500
54,Electric,Ground,Normal,none,1501
54,Electric,Ice,Normal,Rock,1502
54,Electric,Fire,Ice,Rock,1503
54,Fire,Ground,Rock,Water,1504
54,Electric,Ground,Ice,none,1505
54,Fire,Ice,Normal,Rock,1506
54,Fire,Ground,Normal,Water,1507
54,Ground,none,none,none,1508
54,Ground,Ice,Rock,none,1509
54,Electric,Ground,Rock,Water,1510
54,Rock,Water,none,none,1511
54,Electric,Ground,Ice,Normal,1512
54,Ground,Rock,none,none,1513
54,Electric,Ground,Normal,Water,1514
54,Fire,none,none,none,1515
54,Electric,Ice,Water,none,1516
54,Ground,Water,none,none,1517
54,Electric,Fire,Water,none,1518
54,Fire,Ice,Water,none,1519
54,Electric,none,none,none,1520
54,Ground,Ice,Rock,Water,1521
54,Electric,Normal,Rock,none,1522
54,Ground,Normal,Rock,none,1523
54,Fire,Ground,Ice,none,1524
54,Ground,Ice,none,none,1525
54,Fire,Ground,Ice,Normal,1526
54,Electric,Normal,Rock,Water,1527
54,Ice,Normal,none,none,1528
54,Fire,Ground,Ice,Water,1529
54,Fire,Ice,none,none,1530
54,Fire,Normal,none,none,1531
54,Electric,Fire,Rock,none,1532
54,Ground,Normal,Water,none,1533
54,Water,none,none,none,1534
54,Electric,Fire,Ground,Normal,1535
54,Fire,Ground,none,none,1536
54,Electric,Ground,Ice,Water,1537
54,Fire,Ground,Normal,Rock,1538
54,Ice,Normal,Water,none,1539
54,Ground,Rock,Water,none,1540
54,Ice,Rock,none,none,1541
54,Electric,Ground,Normal,Rock,1542
54,Normal,none,none,none,1543
54,Electric,Ground,Ice,Rock,1544
54,Electric,Ground,none,none,1545
54,Normal,Rock,none,none,1546
54,Ice,Rock,Water,none,1547
54,Fire,Ground,Water,none,1548
54,Fire,Water,none,none,1549
54,Ground,Ice,Normal,none,1550
54,Electric,Ice,Rock,none,1551
54,Ground,Normal,Rock,Water,1552
54,Fire,Ice,Rock,none,1553
54,Electric,Ice,Normal,none,1554
54,Electric,Fire,Ground,none,1555
54,Electric,Fire,Normal,none,1556
54,Fire,Ice,Normal,none,1557
54,Ice,Water,none,none,1558
54,Fire,Ground,Ice,Rock,1559
54,Electric,Fire,Ice,Normal,1560
54,Ground,Ice,Water,none,1561
54,Electric,Ice,Rock,Water,1562
54,Electric,Fire,Ground,Ice,1563
55,Water,none,none,none,1564
55,Normal,Water,none,none,1565
55,Ice,none,none,none,1566
55,Normal,none,none,none,1567
55,Ice,Normal,Water,none,1568
55,Ice,Normal,none,none,1569
55,Ice,Water,none,none,1570
56,Water,none,none,none,1571
56,Normal,Water,none,none,1572
56,Ice,none,none,none,1573
56,Flying,Ice,Water,none,1574
56,Flying,Ice,Normal,none,1575
56,Normal,none,none,none,1576
56,Flying,Normal,Water,none,1577
56,Flying,Water,none,none,1578
56,Flying,Normal,none,none,1579
56,Ice,Normal,Water,none,1580
56,Flying,Ice,none,none,1581
56,Ice,Normal,none,none,1582
56,Flying,none,none,none,1583
56,Flying,Ice,Normal,Water,1584
56,Ice,Water,none,none,1585
57,Electric,Normal,none,none,1586
57,Electric,Ice,Normal,Water,1587
57,Ice,none,none,none,1588
57,Normal,none,none,none,1589
57,Electric,Normal,Psychic,Water,1590
57,Ice,Psychic,Water,none,1591
57,Electric,Ice,Psychic,none,1592
57,Electric,Water,none,none,1593
57,Electric,Normal,Water,none,1594
57,Electric,Psychic,Water,none,1595
57,Normal,Psychic,Water,none,1596
57,Ice,Normal,Psychic,none,1597
57,Ice,Normal,none,none,1598
57,Electric,Ice,none,none,1599
57,Psychic,none,none,none,1600
57,Electric,Ice,Normal,none,1601
57,Electric,Ice,Psychic,Water,1602
57,Ice,Water,none,none,1603
57,Water,none,none,none,1604
57,Normal,Water,none,none,1605
57,Ice,Psychic,none,none,1606
57,Electric,Normal,Psychic,none,1607
57,Ice,Normal,Psychic,Water,1608
57,Electric,Ice,Water,none,1609
57,Normal,Psychic,none,none,1610
57,Psychic,Water,none,none,1611
57,Electric,Ice,Normal,Psychic,1612
57,Electric,Psychic,none,none,1613
57,Ice,Normal,Water,none,1614
57,Electric,none,none,none,1615
58,Electric,Normal,none,none,1616
58,Psychic,none,none,none,1617
58,Electric,Normal,Psychic,none,1618
58,Normal,none,none,none,1619
58,Normal,Psychic,none,none,1620
58,Electric,Psychic,none,none,1621
58,Electric,none,none,none,1622
59,Flying,none,none,none,1623
59,Flying,Normal,none,none,1624
59,Normal,none,none,none,1625
60,Ice,none,none,none,1626
60,Ghost,Ice,Normal,Psychic,1627
60,Normal,none,none,none,1628
60,Ghost,Normal,Psychic,none,1629
60,Ghost,Psychic,none,none,1630
60,Ghost,Ice,Water,none,1631
60,Ghost,Ice,Normal,Water,1632
60,Ice,Psychic,Water,none,1633
60,Normal,Psychic,Water,none,1634
60,Ice,Normal,Psychic,none,1635
60,Ghost,Ice,Psychic,none,1636
60,Ice,Normal,none,none,1637
60,Ghost,Normal,none,none,1638
60,Ghost,Normal,Psychic,Water,1639
60,Psychic,none,none,none,1640
60,Ghost,Water,none,none,1641
60,Ghost,Psychic,Water,none,1642
60,Ice,Water,none,none,1643
60,Water,none,none,none,1644
60,Normal,Water,none,none,1645
60,Ghost,Ice,none,none,1646
60,Ice,Psychic,none,none,1647
60,Ghost,Ice,Psychic,Water,1648
60,Ice,Normal,Psychic,Water,1649
60,Ghost,none,none,none,1650
60,Normal,Psychic,none,none,1651
60,Psychic,Water,none,none,1652
60,Ghost,Ice,Normal,none,1653
60,Ice,Normal,Water,none,1654
60,Ghost,Normal,Water,none,1655
61,Electric,Normal,none,none,1656
61,Psychic,none,none,none,1657
61,Electric,Normal,Psychic,none,1658
61,Normal,none,none,none,1659
61,Normal,Psychic,none,none,1660
61,Electric,Psychic,none,none,1661
61,Electric,none,none,none,1662
62,Fire,Normal,none,none,1663
62,Fire,none,none,none,1664
62,Psychic,none,none,none,1665
62,Fire,Poison,none,none,1666
62,Fire,Psychic,none,none,1667
62,Poison,Psychic,none,none,1668
62,Fire,Normal,Psychic,none,1669
62,Fire,Poison,Psychic,none,1670
62,Poison,none,none,none,1671
62,Normal,none,none,none,1672
62,Normal,Poison,none,none,1673
62,Normal,Psychic,none,none,1674
62,Normal,Poison,Psychic,none,1675
62,Fire,Normal,Poison,Psychic,1676
62,Fire,Normal,Poison,none,1677
63,Normal,none,none,none,1678
64,Electric,Normal,none,none,1679
64,Ice,none,none,none,1680
64,Fire,Ground,Ice,none,1681
64,Normal,none,none,none,1682
64,Ground,Normal,none,none,1683
64,Fire,Ground,Normal,none,1684
64,Electric,Ground,none,none,1685
64,Ground,Ice,none,none,1686
64,Electric,Ground,Normal,none,1687
64,Fire,Ground,Ice,Normal,1688
64,Electric,Ground,Ice,none,1689
64,Ice,Normal,none,none,1690
64,Ground,Ice,Normal,none,1691
64,Electric,Ice,none,none,1692
64,Fire,Ice,none,none,1693
64,Fire,Normal,none,none,1694
64,Ground,none,none,none,1695
64,Electric,Fire,none,none,1696
64,Electric,Ice,Normal,none,1697
64,Electric,Fire,Ground,none,1698
64,Electric,Ground,Ice,Normal,1699
64,Electric,Fire,Ice,none,1700
64,Electric,Fire,Normal,none,1701
64,Fire,Ice,Normal,none,1702
64,Fire,none,none,none,1703
64,Electric,Fire,Ground,Normal,1704
64,Fire,Ground,none,none,1705
64,Electric,Fire,Ice,Normal,1706
64,Electric,none,none,none,1707
64,Electric,Fire,Ground,Ice,1708
65,Electric,Normal,none,none,1709
65,Electric,Ice,Normal,Water,1710
65,Ice,none,none,none,1711
65,Electric,Fire,Ice,Water,1712
65,Electric,Fire,Normal,Water,1713
65,Normal,none,none,none,1714
65,Fire,Normal,Water,none,1715
65,Fire,Ice,Normal,Water,1716
65,Electric,Water,none,none,1717
65,Electric,Normal,Water,none,1718
65,Fire,Water,none,none,1719
65,Ice,Normal,none,none,1720
65,Electric,Ice,none,none,1721
65,Fire,Ice,none,none,1722
65,Fire,Normal,none,none,1723
65,Electric,Fire,none,none,1724
65,Electric,Ice,Normal,none,1725
65,Electric,Fire,Ice,none,1726
65,Electric,Fire,Normal,none,1727
65,Fire,Ice,Normal,none,1728
65,Ice,Water,none,none,1729
65,Water,none,none,none,1730
65,Normal,Water,none,none,1731
65,Fire,none,none,none,1732
65,Electric,Ice,Water,none,1733
65,Electric,Fire,Ice,Normal,1734
65,Ice,Normal,Water,none,1735
65,Electric,Fire,Water,none,1736
65,Fire,Ice,Water,none,1737
65,Electric,none,none,none,1738
66,Electric,Normal,none,none,1739
66,Electric,Ice,Normal,Water,1740
66,Ice,none,none,none,1741
66,Normal,none,none,none,1742
66,Electric,Normal,Psychic,Water,1743
66,Ice,Psychic,Water,none,1744
66,Electric,Ice,Psychic,none,1745
66,Electric,Water,none,none,1746
66,Electric,Normal,Water,none,1747
66,Electric,Psychic,Water,none,1748
66,Normal,Psychic,Water,none,1749
66,Ice,Normal,Psychic,none,1750
66,Ice,Normal,none,none,1751
66,Electric,Ice,none,none,1752
66,Psychic,none,none,none,1753
66,Electric,Ice,Normal,none,1754
66,Electric,Ice,Psychic,Water,1755
66,Ice,Water,none,none,1756
66,Water,none,none,none,1757
66,Normal,Water,none,none,1758
66,Ice,Psychic,none,none,1759
66,Electric,Normal,Psychic,none,1760
66,Ice,Normal,Psychic,Water,1761
66,Electric,Ice,Water,none,1762
66,Normal,Psychic,none,none,1763
66,Psychic,Water,none,none,1764
66,Electric,Ice,Normal,Psychic,1765
66,Electric,Psychic,none,none,1766
66,Ice,Normal,Water,none,1767
66,Electric,none,none,none,1768
67,Normal,none,none,none,1769
68,Water,none,none,none,1770
68,Normal,Water,none,none,1771
68,Ice,none,none,none,1772
68,Normal,none,none,none,1773
68,Ice,Normal,Water,none,1774
68,Ice,Normal,none,none,1775
68,Ice,Water,none,none,1776
69,Fighting,none,none,none,1777
69,Electric,Normal,none,none,1778
69,Electric,Fighting,Normal,none,1779
69,Bug,Fighting,none,none,1780
69,Bug,Fighting,Normal,none,1781
69,Bug,none,none,none,1782
69,Bug,Electric,Fighting,Normal,1783
69,Fighting,Normal,none,none,1784
69,Bug,Electric,Fighting,none,1785
69,Normal,none,none,none,1786
69,Bug,Electric,Normal,none,1787
69,Bug,Normal,none,none,1788
69,Electric,Fighting,none,none,1789
69,Electric,none,none,none,1790
69,Bug,Electric,none,none,1791
70,Fire,Normal,none,none,1792
70,Fire,none,none,none,1793
70,Fire,Poison,none,none,1794
70,Poison,none,none,none,1795
70,Normal,none,none,none,1796
70,Normal,Poison,none,none,1797
70,Fire,Normal,Poison,none,1798
71,Electric,Normal,none,none,1799
71,Psychic,none,none,none,1800
71,Ice,none,none,none,1801
71,Ice,Psychic,none,none,1802
71,Electric,Ice,Psychic,none,1803
71,Electric,Normal,Psychic,none,1804
71,Normal,none,none,none,1805
71,Normal,Psychic,none,none,1806
71,Electric,Ice,Normal,none,1807
71,Electric,Psychic,none,none,1808
71,Ice,Normal,Psychic,none,1809
71,Electric,Ice,Normal,Psychic,1810
71,Ice,Normal,none,none,1811
71,Electric,none,none,none,1812
71,Electric,Ice,none,none,1813
72,Water,none,none,none,1814
72,Normal,Water,none,none,1815
72,Ice,none,none,none,1816
72,Normal,none,none,none,1817
72,Ice,Normal,Water,none,1818
72,Ice,Normal,none,none,1819
72,Ice,Water,none,none,1820
73,Water,none,none,none,1821
73,Normal,Water,none,none,1822
73,Ice,none,none,none,1823
73,Grass,Ice,Normal,none,1824
73,Grass,none,none,none,1825
73,Normal,none,none,none,1826
73,Grass,Ice,Normal,Water,1827
73,Grass,Ice,none,none,1828
73,Grass,Normal,none,none,1829
73,Grass,Water,none,none,1830
73,Ice,Normal,Water,none,1831
73,Ice,Normal,none,none,1832
73,Grass,Ice,Water,none,1833
73,Ice,Water,none,none,1834
73,Grass,Normal,Water,none,1835
74,Fire,Normal,none,none,1836
74,Fire,none,none,none,1837
74,Normal,none,none,none,1838
74,Fire,Flying,Normal,none,1839
74,Fire,Flying,none,none,1840
74,Flying,Normal,none,none,1841
74,Flying,none,none,none,1842
75,Electric,Fire,Rock,Water,1843
75,Electric,Normal,none,none,1844
75,Electric,Ice,Normal,Water,1845
75,Ice,none,none,none,1846
75,Electric,Fire,Ground,Water,1847
75,Fire,Psychic,Rock,Water,1848
75,Electric,Fire,Normal,Water,1849
75,Ground,Normal,none,none,1850
75,Fire,Normal,Water,none,1851
75,Ground,Psychic,Water,none,1852
75,Fire,Rock,none,none,1853
75,Fire,Ice,Psychic,none,1854
75,Ice,Psychic,Water,none,1855
75,Electric,Psychic,Rock,Water,1856
75,Electric,Normal,Water,none,1857
75,Electric,Fire,Ground,Rock,1858
75,Ice,Normal,Psychic,none,1859
75,Electric,Fire,Normal,Rock,1860
75,Electric,Rock,none,none,1861
75,Electric,Ice,none,none,1862
75,Fire,Rock,Water,none,1863
75,Electric,Fire,none,none,1864
75,Normal,Rock,Water,none,1865
75,Ice,Normal,Rock,none,1866
75,Electric,Ground,Water,none,1867
75,Fire,Normal,Rock,none,1868
75,Electric,Fire,Ice,none,1869
75,Ground,Ice,Normal,Psychic,1870
75,Normal,Water,none,none,1871
75,Psychic,Water,none,none,1872
75,Electric,Ice,Normal,Psychic,1873
75,Electric,Rock,Water,none,1874
75,Electric,Fire,Ground,Psychic,1875
75,Ground,Ice,Normal,Water,1876
75,Electric,Fire,Normal,Psychic,1877
75,Fire,Ice,Normal,Psychic,1878
75,Electric,Ground,Psychic,none,1879
75,Ice,Normal,Rock,Water,1880
75,Fire,Ground,Rock,none,1881
75,Normal,Psychic,Rock,none,1882
75,Electric,Ice,Psychic,Rock,1883
75,Fire,Ice,Rock,Water,1884
75,Ground,Ice,Psychic,none,1885
75,Fire,Normal,Rock,Water,1886
75,Electric,Fire,Ice,Water,1887
75,Electric,Fire,Psychic,Rock,1888
75,Fire,Ground,Normal,none,1889
75,Rock,none,none,none,1890
75,Fire,Ice,Normal,Water,1891
75,Electric,Ground,Rock,none,1892
75,Ground,Ice,Normal,Rock,1893
75,Electric,Water,none,none,1894
75,Electric,Ground,Normal,none,1895
75,Fire,Normal,Psychic,none,1896
75,Electric,Ice,Normal,Rock,1897
75,Electric,Fire,Ice,Rock,1898
75,Fire,Ground,Rock,Water,1899
75,Electric,Ground,Ice,none,1900
75,Normal,Psychic,Rock,Water,1901
75,Fire,Ice,Normal,Rock,1902
75,Ground,Ice,Psychic,Water,1903
75,Psychic,Rock,none,none,1904
75,Fire,Ground,Normal,Water,1905
75,Fire,Psychic,none,none,1906
75,Ground,none,none,none,1907
75,Ground,Ice,Rock,none,1908
75,Electric,Ground,Rock,Water,1909
75,Rock,Water,none,none,1910
75,Electric,Ground,Ice,Normal,1911
75,Ground,Rock,none,none,1912
75,Fire,Ground,Psychic,none,1913
75,Electric,Ground,Normal,Water,1914
75,Fire,Ice,Psychic,Water,1915
75,Fire,Normal,Psychic,Water,1916
75,Ground,Ice,Psychic,Rock,1917
75,Ice,Psychic,Rock,none,1918
75,Fire,none,none,none,1919
75,Ice,Normal,Psychic,Water,1920
75,Electric,Ice,Water,none,1921
75,Ground,Water,none,none,1922
75,Electric,Psychic,none,none,1923
75,Ground,Psychic,Rock,none,1924
75,Electric,Fire,Water,none,1925
75,Fire,Ice,Water,none,1926
75,Electric,Fire,Ice,Psychic,1927
75,Electric,none,none,none,1928
75,Ground,Ice,Rock,Water,1929
75,Electric,Normal,Rock,none,1930
75,Fire,Psychic,Water,none,1931
75,Fire,Ice,Psychic,Rock,1932
75,Fire,Ground,Psychic,Water,1933
75,Ground,Normal,Rock,none,1934
75,Fire,Ground,Ice,none,1935
75,Ice,Normal,Psychic,Rock,1936
75,Ground,Ice,none,none,1937
75,Ground,Psychic,Rock,Water,1938
75,Fire,Ground,Ice,Normal,1939
75,Fire,Ground,Normal,Psychic,1940
75,Electric,Normal,Rock,Water,1941
75,Electric,Ground,Psychic,Water,1942
75,Ice,Normal,none,none,1943
75,Fire,Ground,Ice,Water,1944
75,Fire,Ice,none,none,1945
75,Fire,Normal,none,none,1946
75,Psychic,none,none,none,1947
75,Electric,Ground,Normal,Psychic,1948
75,Electric,Fire,Rock,none,1949
75,Ground,Normal,Water,none,1950
75,Electric,Ground,Ice,Psychic,1951
75,Electric,Ground,Psychic,Rock,1952
75,Water,none,none,none,1953
75,Electric,Normal,Psychic,none,1954
75,Electric,Fire,Ground,Normal,1955
75,Fire,Ground,none,none,1956
75,Normal,Psychic,none,none,1957
75,Electric,Ground,Ice,Water,1958
75,Fire,Ground,Normal,Rock,1959
75,Ice,Normal,Water,none,1960
75,Ground,Normal,Psychic,none,1961
75,Ground,Rock,Water,none,1962
75,Ice,Rock,none,none,1963
75,Electric,Ground,Normal,Rock,1964
75,Fire,Normal,Psychic,Rock,1965
75,Normal,none,none,none,1966
75,Psychic,Rock,Water,none,1967
75,Electric,Ground,Ice,Rock,1968
75,Electric,Normal,Psychic,Water,1969
75,Ice,Psychic,Rock,Water,1970
75,Electric,Ground,none,none,1971
75,Normal,Rock,none,none,1972
75,Electric,Ice,Psychic,none,1973
75,Ice,Rock,Water,none,1974
75,Electric,Psychic,Water,none,1975
75,Ground,Normal,Psychic,Water,1976
75,Fire,Ground,Water,none,1977
75,Normal,Psychic,Water,none,1978
75,Fire,Ground,Ice,Psychic,1979
75,Electric,Fire,Psychic,none,1980
75,Fire,Ground,Psychic,Rock,1981
75,Fire,Water,none,none,1982
75,Ground,Ice,Normal,none,1983
75,Electric,Normal,Psychic,Rock,1984
75,Electric,Ice,Rock,none,1985
75,Ground,Normal,Rock,Water,1986
75,Ground,Normal,Psychic,Rock,1987
75,Fire,Ice,Rock,none,1988
75,Electric,Ice,Normal,none,1989
75,Electric,Fire,Ground,none,1990
75,Fire,Psychic,Rock,none,1991
75,Electric,Ice,Psychic,Water,1992
75,Electric,Fire,Normal,none,1993
75,Fire,Ice,Normal,none,1994
75,Ice,Water,none,none,1995
75,Ground,Psychic,none,none,1996
75,Electric,Fire,Psychic,Water,1997
75,Ice,Psychic,none,none,1998
75,Fire,Ground,Ice,Rock,1999
75,Electric,Psychic,Rock,none,2000
75,Electric,Fire,Ice,Normal,2001
75,Ground,Ice,Water,none,2002
75,Electric,Ice,Rock,Water,2003
75,Electric,Fire,Ground,Ice,2004
76,Water,none,none,none,2005
76,Normal,Water,none,none,2006
76,Ice,none,none,none,2007
76,Flying,Ice,Water,none,2008
76,Flying,Ice,Normal,none,2009
76,Normal,none,none,none,2010
76,Flying,Normal,Water,none,2011
76,Flying,Water,none,none,2012
76,Flying,Normal,none,none,2013
76,Ice,Normal,Water,none,2014
76,Flying,Ice,none,none,2015
76,Ice,Normal,none,none,2016
76,Flying,none,none,none,2017
76,Flying,Ice,Normal,Water,2018
76,Ice,Water,none,none,2019
77,Electric,Normal,none,none,2020
77,Electric,Flying,none,none,2021
77,Electric,Flying,Normal,none,2022
77,Normal,none,none,none,2023
77,Flying,Normal,none,none,2024
77,Flying,none,none,none,2025
77,Electric,none,none,none,2026
78,Fire,Normal,none,none,2027
78,Fire,none,none,none,2028
78,Normal,none,none,none,2029
78,Fire,Flying,Normal,none,2030
78,Fire,Flying,none,none,2031
78,Flying,Normal,none,none,2032
78,Flying,none,none,none,2033
79,Electric,Normal,none,none,2034
79,Electric,Ice,Normal,Water,2035
79,Ice,none,none,none,2036
79,Electric,Fire,Ice,Water,2037
79,Electric,Fire,Normal,Water,2038
79,Normal,none,none,none,2039
79,Fire,Normal,Water,none,2040
79,Fire,Ice,Normal,Water,2041
79,Electric,Water,none,none,2042
79,Electric,Normal,Water,none,2043
79,Fire,Water,none,none,2044
79,Ice,Normal,none,none,2045
79,Electric,Ice,none,none,2046
79,Fire,Ice,none,none,2047
79,Fire,Normal,none,none,2048
79,Electric,Fire,none,none,2049
79,Electric,Ice,Normal,none,2050
79,Electric,Fire,Ice,none,2051
79,Electric,Fire,Normal,none,2052
79,Fire,Ice,Normal,none,2053
79,Ice,Water,none,none,2054
79,Water,none,none,none,2055
79,Normal,Water,none,none,2056
79,Fire,none,none,none,2057
79,Electric,Ice,Water,none,2058
79,Electric,Fire,Ice,Normal,2059
79,Ice,Normal,Water,none,2060
79,Electric,Fire,Water,none,2061
79,Fire,Ice,Water,none,2062
79,Electric,none,none,none,2063
80,Fire,Psychic,Water,none,2064
80,Electric,Normal,none,none,2065
80,Electric,Ice,Normal,Water,2066
80,Ice,none,none,none,2067
80,Electric,Fire,Ice,Water,2068
80,Electric,Fire,Normal,Water,2069
80,Normal,none,none,none,2070
80,Fire,Normal,Water,none,2071
80,Fire,Ice,Normal,Water,2072
80,Electric,Normal,Psychic,Water,2073
80,Fire,Ice,Psychic,none,2074
80,Ice,Psychic,Water,none,2075
80,Electric,Ice,Psychic,none,2076
80,Electric,Water,none,none,2077
80,Electric,Normal,Water,none,2078
80,Electric,Psychic,Water,none,2079
80,Fire,Normal,Psychic,none,2080
80,Normal,Psychic,Water,none,2081
80,Ice,Normal,Psychic,none,2082
80,Electric,Fire,Psychic,none,2083
80,Fire,Water,none,none,2084
80,Ice,Normal,none,none,2085
80,Electric,Ice,none,none,2086
80,Fire,Ice,none,none,2087
80,Fire,Normal,none,none,2088
80,Psychic,none,none,none,2089
80,Fire,Psychic,none,none,2090
80,Electric,Fire,Normal,Psychic,2091
80,Electric,Fire,none,none,2092
80,Electric,Ice,Normal,none,2093
80,Electric,Ice,Psychic,Water,2094
80,Electric,Fire,Ice,none,2095
80,Fire,Ice,Psychic,Water,2096
80,Electric,Fire,Normal,none,2097
80,Fire,Ice,Normal,none,2098
80,Ice,Water,none,none,2099
80,Fire,Normal,Psychic,Water,2100
80,Water,none,none,none,2101
80,Normal,Water,none,none,2102
80,Fire,none,none,none,2103
80,Electric,Fire,Psychic,Water,2104
80,Ice,Psychic,none,none,2105
80,Electric,Normal,Psychic,none,2106
80,Ice,Normal,Psychic,Water,2107
80,Electric,Ice,Water,none,2108
80,Normal,Psychic,none,none,2109
80,Psychic,Water,none,none,2110
80,Electric,Fire,Ice,Normal,2111
80,Electric,Psychic,none,none,2112
80,Electric,Ice,Normal,Psychic,2113
80,Ice,Normal,Water,none,2114
80,Electric,Fire,Water,none,2115
80,Fire,Ice,Water,none,2116
80,Electric,Fire,Ice,Psychic,2117
80,Electric,none,none,none,2118
80,Fire,Ice,Normal,Psychic,2119
81,Electric,Fire,Rock,Water,2120
81,Electric,Flying,Psychic,Water,2121
81,Ice,none,none,none,2122
81,Electric,Flying,Ice,none,2123
81,Electric,Grass,Rock,none,2124
81,Fire,Flying,Ice,Normal,2125
81,Ice,Psychic,Water,none,2126
81,Flying,Normal,Rock,Water,2127
81,Electric,Grass,Ground,Normal,2128
81,Ice,Normal,Psychic,none,2129
81,Electric,Rock,none,none,2130
81,Electric,Fire,Flying,Ice,2131
81,Grass,Psychic,Water,none,2132
81,Fire,Grass,Ice,Psychic,2133
81,Fire,Normal,Rock,none,2134
81,Electric,Fire,Flying,Rock,2135
81,Electric,Flying,none,none,2136
81,Electric,Ice,Normal,Psychic,2137
81,Electric,Grass,Psychic,none,2138
81,Electric,Flying,Grass,Psychic,2139
81,Grass,Ground,Ice,Water,2140
81,Electric,Ice,Psychic,Rock,2141
81,Ground,Ice,Psychic,none,2142
81,Electric,Fire,Ice,Water,2143
81,Rock,none,none,none,2144
81,Electric,Flying,Grass,Water,2145
81,Electric,Grass,Ice,none,2146
81,Electric,Ground,Rock,none,2147
81,Electric,Water,none,none,2148
81,Flying,Normal,Water,none,2149
81,Electric,Ground,Ice,none,2150
81,Flying,none,none,none,2151
81,Fire,Ice,Normal,Rock,2152
81,Electric,Fire,Flying,Grass,2153
81,Rock,Water,none,none,2154
81,Flying,Grass,Psychic,Water,2155
81,Fire,Ground,Psychic,none,2156
81,Flying,Ground,Normal,none,2157
81,Fire,Ice,Psychic,Water,2158
81,Flying,Grass,Ice,none,2159
81,Fire,Normal,Psychic,Water,2160
81,Flying,Ice,Normal,Water,2161
81,Electric,Flying,Ice,Rock,2162
81,Grass,Ground,Water,none,2163
81,Flying,Grass,Ground,Ice,2164
81,Ground,Water,none,none,2165
81,Ground,Psychic,Rock,none,2166
81,Electric,Fire,Water,none,2167
81,Fire,Ice,Water,none,2168
81,Flying,Ground,Rock,Water,2169
81,Fire,Grass,Rock,none,2170
81,Ground,Normal,Rock,none,2171
81,Ice,Normal,Psychic,Rock,2172
81,Grass,Ice,Rock,none,2173
81,Grass,Normal,Rock,none,2174
81,Flying,Grass,Ground,Rock,2175
81,Flying,Psychic,none,none,2176
81,Flying,Grass,Normal,Rock,2177
81,Fire,Ground,Ice,Normal,2178
81,Fire,Ground,Normal,Psychic,2179
81,Electric,Normal,Rock,Water,2180
81,Flying,Grass,none,none,2181
81,Fire,Ice,none,none,2182
81,Fire,Normal,none,none,2183
81,Psychic,none,none,none,2184
81,Grass,Ground,Normal,Psychic,2185
81,Fire,Flying,Psychic,Water,2186
81,Flying,Ground,Psychic,Water,2187
81,Flying,Ground,Ice,none,2188
81,Grass,Ground,Psychic,Rock,2189
81,Fire,Grass,Psychic,none,2190
81,Grass,Ground,Normal,Water,2191
81,Electric,Grass,Ice,Rock,2192
81,Fire,Flying,Ground,Ice,2193
81,Ground,Normal,Psychic,none,2194
81,Grass,Normal,Psychic,none,2195
81,Electric,Flying,Ground,none,2196
81,Electric,Ground,Ice,Rock,2197
81,Electric,Normal,Psychic,Water,2198
81,Normal,Rock,none,none,2199
81,Fire,Flying,Ground,Rock,2200
81,Fire,Flying,Normal,Rock,2201
81,Fire,Ground,Psychic,Rock,2202
81,Flying,Ground,Normal,Rock,2203
81,Electric,Fire,Grass,none,2204
81,Ground,Ice,Normal,none,2205
81,Fire,Grass,Ground,Psychic,2206
81,Electric,Ice,Rock,none,2207
81,Fire,Grass,Ice,Normal,2208
81,Flying,Ground,none,none,2209
81,Fire,Flying,Grass,Psychic,2210
81,Fire,Flying,Rock,none,2211
81,Fire,Psychic,Rock,none,2212
81,Electric,Ice,Psychic,Water,2213
81,Ice,Water,none,none,2214
81,Ground,Psychic,none,none,2215
81,Grass,Ground,Ice,Normal,2216
81,Electric,Fire,Ice,Normal,2217
81,Flying,Ground,Water,none,2218
81,Fire,Flying,Ice,none,2219
81,Electric,Flying,Grass,Normal,2220
81,Electric,Flying,Normal,none,2221
81,Electric,Normal,none,none,2222
81,Electric,Fire,Ground,Water,2223
81,Electric,Flying,Grass,Ice,2224
81,Electric,Fire,Normal,Water,2225
81,Electric,Grass,Ground,none,2226
81,Electric,Grass,Normal,none,2227
81,Fire,Rock,none,none,2228
81,Electric,Flying,Rock,Water,2229
81,Electric,Psychic,Rock,Water,2230
81,Electric,Normal,Water,none,2231
81,Fire,Grass,Normal,Psychic,2232
81,Electric,Flying,Ice,Water,2233
81,Electric,Grass,Rock,Water,2234
81,Electric,Ice,none,none,2235
81,Fire,Rock,Water,none,2236
81,Grass,Rock,none,none,2237
81,Ice,Normal,Rock,none,2238
81,Fire,Grass,Psychic,Rock,2239
81,Fire,Flying,none,none,2240
81,Grass,Normal,Psychic,Rock,2241
81,Electric,Flying,Ground,Rock,2242
81,Psychic,Water,none,none,2243
81,Electric,Rock,Water,none,2244
81,Flying,Ice,Psychic,none,2245
81,Fire,Ground,Rock,none,2246
81,Normal,Psychic,Rock,none,2247
81,Fire,Ice,Rock,Water,2248
81,Fire,Normal,Rock,Water,2249
81,Electric,Fire,Grass,Rock,2250
81,Ground,Ice,Normal,Rock,2251
81,Electric,Flying,Water,none,2252
81,Electric,Grass,Psychic,Water,2253
81,Electric,Ground,Normal,none,2254
81,Ground,Ice,Psychic,Water,2255
81,Electric,Fire,Grass,Ground,2256
81,Electric,Grass,Ground,Ice,2257
81,Fire,Psychic,none,none,2258
81,Flying,Grass,Ground,none,2259
81,Ground,Ice,Rock,none,2260
81,Flying,Grass,Normal,none,2261
81,Electric,Ground,Rock,Water,2262
81,Fire,Flying,Ice,Rock,2263
81,Ground,Rock,none,none,2264
81,Flying,Psychic,Rock,Water,2265
81,Electric,Flying,Normal,Rock,2266
81,Ice,Psychic,Rock,none,2267
81,Electric,Grass,Ground,Rock,2268
81,Grass,Ground,Ice,Psychic,2269
81,Flying,Grass,Rock,Water,2270
81,Electric,Psychic,none,none,2271
81,Electric,Grass,Normal,Rock,2272
81,Electric,Fire,Ice,Psychic,2273
81,Electric,none,none,none,2274
81,Fire,Ground,Psychic,Water,2275
81,Electric,Grass,none,none,2276
81,Fire,Ground,Ice,none,2277
81,Electric,Fire,Flying,Ground,2278
81,Flying,Grass,Ice,Water,2279
81,Grass,Ground,Psychic,none,2280
81,Grass,Ice,Normal,none,2281
81,Ground,Ice,none,none,2282
81,Ground,Psychic,Rock,Water,2283
81,Electric,Grass,Water,none,2284
81,Electric,Ground,Psychic,Water,2285
81,Ice,Normal,none,none,2286
81,Grass,Ground,Rock,none,2287
81,Fire,Grass,Ground,Normal,2288
81,Grass,Ice,Rock,Water,2289
81,Electric,Fire,Rock,none,2290
81,Fire,Flying,Ground,none,2291
81,Flying,Ice,Normal,Psychic,2292
81,Fire,Flying,Grass,Normal,2293
81,Fire,Flying,Normal,none,2294
81,Fire,Grass,Ground,Ice,2295
81,Flying,Ice,Psychic,Rock,2296
81,Flying,Psychic,Water,none,2297
81,Fire,Flying,Grass,Ice,2298
81,Electric,Fire,Ground,Normal,2299
81,Fire,Ground,none,none,2300
81,Normal,Psychic,none,none,2301
81,Flying,Normal,Rock,none,2302
81,Ice,Rock,none,none,2303
81,Electric,Ground,Normal,Rock,2304
81,Electric,Ground,none,none,2305
81,Flying,Ground,Ice,Water,2306
81,Fire,Grass,Psychic,Water,2307
81,Ice,Rock,Water,none,2308
81,Electric,Psychic,Water,none,2309
81,Fire,Grass,Ice,none,2310
81,Ground,Normal,Psychic,Water,2311
81,Grass,Ice,Psychic,Water,2312
81,Grass,Normal,Psychic,Water,2313
81,Electric,Fire,Psychic,none,2314
81,Electric,Flying,Ground,Water,2315
81,Electric,Ice,Normal,none,2316
81,Flying,Normal,Psychic,none,2317
81,Electric,Flying,Grass,none,2318
81,Flying,Grass,Water,none,2319
81,Fire,Ground,Ice,Rock,2320
81,Electric,Fire,Grass,Water,2321
81,Fire,Grass,Normal,Rock,2322
81,Electric,Ice,Rock,Water,2323
81,Grass,Ice,Normal,Rock,2324
81,Fire,Flying,Rock,Water,2325
81,Fire,Grass,none,none,2326
81,Fire,Psychic,Rock,Water,2327
81,Ground,Normal,none,none,2328
81,Fire,Normal,Water,none,2329
81,Flying,Water,none,none,2330
81,Grass,Ice,none,none,2331
81,Grass,Normal,none,none,2332
81,Ground,Psychic,Water,none,2333
81,Fire,Ice,Psychic,none,2334
81,Fire,Flying,Ice,Water,2335
81,Electric,Fire,Flying,Psychic,2336
81,Electric,Flying,Normal,Water,2337
81,Grass,Ice,Water,none,2338
81,Electric,Fire,Flying,Water,2339
81,Normal,Rock,Water,none,2340
81,Electric,Ground,Water,none,2341
81,Flying,Grass,Ice,Normal,2342
81,Electric,Fire,Ground,Psychic,2343
81,Electric,Fire,Normal,Psychic,2344
81,Fire,Ice,Normal,Psychic,2345
81,Ice,Normal,Rock,Water,2346
81,Fire,Grass,Ice,Rock,2347
81,Electric,Fire,Psychic,Rock,2348
81,Fire,Ground,Normal,none,2349
81,Fire,Ice,Normal,Water,2350
81,Flying,Ice,Rock,none,2351
81,Flying,Rock,none,none,2352
81,Electric,Flying,Ice,Psychic,2353
81,Grass,Ground,Ice,Rock,2354
81,Electric,Ice,Normal,Rock,2355
81,Electric,Fire,Ice,Rock,2356
81,Flying,Ice,Psychic,Water,2357
81,Fire,Ground,Rock,Water,2358
81,Normal,Psychic,Rock,Water,2359
81,Grass,Ground,Normal,none,2360
81,Electric,Flying,Grass,Rock,2361
81,Flying,Normal,Psychic,Rock,2362
81,Psychic,Rock,none,none,2363
81,Electric,Ground,Normal,Water,2364
81,Fire,none,none,none,2365
81,Flying,Grass,Normal,Psychic,2366
81,Ice,Normal,Psychic,Water,2367
81,Electric,Ice,Water,none,2368
81,Flying,Grass,Ground,Water,2369
81,Flying,Grass,Psychic,Rock,2370
81,Ground,Ice,Rock,Water,2371
81,Fire,Flying,Water,none,2372
81,Flying,Grass,Normal,Water,2373
81,Fire,Ice,Psychic,Rock,2374
81,Fire,Psychic,Water,none,2375
81,Flying,Ground,Ice,Normal,2376
81,Flying,Ice,Normal,Rock,2377
81,Grass,none,none,none,2378
81,Grass,Rock,Water,none,2379
81,Flying,Ice,none,none,2380
81,Grass,Psychic,Rock,none,2381
81,Fire,Grass,Ground,none,2382
81,Fire,Flying,Grass,none,2383
81,Electric,Grass,Ice,Psychic,2384
81,Fire,Ground,Ice,Water,2385
81,Grass,Ground,Psychic,Water,2386
81,Electric,Grass,Ice,Water,2387
81,Grass,Ice,Normal,Water,2388
81,Electric,Ground,Ice,Psychic,2389
81,Water,none,none,none,2390
81,Fire,Flying,Normal,Psychic,2391
81,Fire,Ground,Normal,Rock,2392
81,Electric,Ground,Ice,Water,2393
81,Flying,Ground,Normal,Psychic,2394
81,Ice,Normal,Water,none,2395
81,Fire,Flying,Ground,Water,2396
81,Flying,Grass,Ice,Psychic,2397
81,Fire,Flying,Psychic,Rock,2398
81,Ground,Rock,Water,none,2399
81,Fire,Flying,Normal,Water,2400
81,Flying,Ground,Psychic,Rock,2401
81,Flying,Ground,Normal,Water,2402
81,Normal,none,none,none,2403
81,Grass,Psychic,none,none,2404
81,Grass,Ground,Normal,Rock,2405
81,Fire,Grass,Normal,none,2406
81,Electric,Fire,Flying,Normal,2407
81,Fire,Ground,Water,none,2408
81,Normal,Psychic,Water,none,2409
81,Fire,Water,none,none,2410
81,Fire,Grass,Rock,Water,2411
81,Electric,Normal,Psychic,Rock,2412
81,Ground,Normal,Rock,Water,2413
81,Grass,Normal,Rock,Water,2414
81,Electric,Flying,Psychic,none,2415
81,Fire,Ice,Rock,none,2416
81,Fire,Grass,Ice,Water,2417
81,Electric,Fire,Psychic,Water,2418
81,Ice,Psychic,none,none,2419
81,Ground,Ice,Water,none,2420
81,Electric,Fire,Ground,Ice,2421
81,Fire,Grass,Ground,Rock,2422
81,Electric,Ice,Normal,Water,2423
81,Flying,Ground,Ice,Psychic,2424
81,Flying,Normal,Psychic,Water,2425
81,Fire,Flying,Grass,Rock,2426
81,Flying,Psychic,Rock,none,2427
81,Electric,Flying,Ground,Psychic,2428
81,Electric,Flying,Ice,Normal,2429
81,Electric,Fire,Ground,Rock,2430
81,Electric,Fire,Normal,Rock,2431
81,Fire,Flying,Grass,Ground,2432
81,Flying,Grass,Rock,none,2433
81,Grass,Ground,none,none,2434
81,Fire,Grass,Water,none,2435
81,Electric,Fire,none,none,2436
81,Grass,Ground,Ice,none,2437
81,Electric,Fire,Ice,none,2438
81,Flying,Grass,Ground,Normal,2439
81,Electric,Fire,Grass,Psychic,2440
81,Ground,Ice,Normal,Psychic,2441
81,Normal,Water,none,none,2442
81,Flying,Normal,none,none,2443
81,Ground,Ice,Normal,Water,2444
81,Electric,Ground,Psychic,none,2445
81,Fire,Flying,Ice,Psychic,2446
81,Electric,Flying,Normal,Psychic,2447
81,Flying,Grass,Psychic,none,2448
81,Fire,Normal,Psychic,none,2449
81,Flying,Ice,Normal,none,2450
81,Electric,Flying,Psychic,Rock,2451
81,Electric,Grass,Ground,Psychic,2452
81,Electric,Grass,Ice,Normal,2453
81,Electric,Grass,Normal,Psychic,2454
81,Grass,Normal,Water,none,2455
81,Fire,Ground,Normal,Water,2456
81,Ground,none,none,none,2457
81,Flying,Ground,Rock,none,2458
81,Electric,Grass,Ground,Water,2459
81,Electric,Grass,Psychic,Rock,2460
81,Flying,Ice,Rock,Water,2461
81,Electric,Grass,Normal,Water,2462
81,Electric,Ground,Ice,Normal,2463
81,Fire,Flying,Ground,Normal,2464
81,Ground,Ice,Psychic,Rock,2465
81,Grass,Ice,Psychic,none,2466
81,Electric,Normal,Rock,none,2467
81,Fire,Flying,Psychic,none,2468
81,Flying,Ground,Psychic,none,2469
81,Flying,Grass,Ice,Rock,2470
81,Electric,Ground,Normal,Psychic,2471
81,Grass,Psychic,Rock,Water,2472
81,Ground,Normal,Water,none,2473
81,Fire,Grass,Ground,Water,2474
81,Electric,Ground,Psychic,Rock,2475
81,Electric,Flying,Grass,Ground,2476
81,Fire,Flying,Grass,Water,2477
81,Flying,Grass,Ground,Psychic,2478
81,Electric,Normal,Psychic,none,2479
81,Flying,Rock,Water,none,2480
81,Electric,Fire,Flying,none,2481
81,Fire,Normal,Psychic,Rock,2482
81,Psychic,Rock,Water,none,2483
81,Ice,Psychic,Rock,Water,2484
81,Electric,Flying,Ground,Normal,2485
81,Electric,Ice,Psychic,none,2486
81,Fire,Ground,Ice,Psychic,2487
81,Electric,Flying,Ground,Ice,2488
81,Grass,Ice,Normal,Psychic,2489
81,Flying,Ground,Ice,Rock,2490
81,Fire,Grass,Normal,Water,2491
81,Ground,Normal,Psychic,Rock,2492
81,Grass,Ice,Psychic,Rock,2493
81,Electric,Fire,Ground,none,2494
81,Electric,Fire,Grass,Normal,2495
81,Electric,Fire,Normal,none,2496
81,Fire,Ice,Normal,none,2497
81,Flying,Ice,Water,none,2498
81,Fire,Flying,Ground,Psychic,2499
81,Electric,Fire,Grass,Ice,2500
81,Electric,Flying,Rock,none,2501
81,Electric,Psychic,Rock,none,2502
81,Grass,Water,none,none,2503
81,Grass,Ground,Rock,Water,2504
