Trainer,Route,Location,Pokemon,Level,Attack 1,Attack 2,Attack 3,Attack 4,HP,Attack,Defense,Sp. Attack,Sp Defense,Speed
Littleroot Rival,Route 103,Top,Treecko,5,Pound,Leer,,,19,8,8,11,11,12
Littleroot Rival,Route 103,Top,Torchic,5,Scratch,Growl,,,19,9,9,12,10,9
Littleroot Rival,Route 103,Top,Mudkip,5,Tackle,Growl,,,20,10,11,10,10,9
Gatekeeper Calvin,Route 102,,Poochyena,5,Tackle,Howl,,,18,11,8,8,8,7
Bug Catcher Rick,Route 102,,Wurmple,4,Tackle,String Shot,,,17,8,7,6,7,6
Bug Catcher Rick,Route 102,,Wurmple,4,Tackle,String Shot,,,17,8,6,6,7,6
Youngster Allen,Route 102,,Zigzagoon,4,Tackle,Growl,,,17,7,8,7,7,9
Youngster Allen,Route 102,,Taillow,3,Peck,Growl,,,15,8,6,6,6,9
Lass Tiana,Route 102,,Zigzagoon,4,Tackle,Growl,,,17,7,8,7,7,9
Lass Tiana,Route 102,,Shroomish,4,Absorb,Tackle,,,18,8,9,8,9,6
Bug Catcher Lyle,Petalburg Woods,"Left, No Cut",Wurmple,3,Tackle,String Shot,,,15,7,7,6,5,6
Bug Catcher Lyle,Petalburg Woods,"Left, No Cut",Wurmple,3,Tackle,String Shot,,,15,7,7,6,6,5
Bug Catcher Lyle,Petalburg Woods,"Left, No Cut",Wurmple,3,Tackle,String Shot,,,15,6,7,6,6,6
Bug Catcher Lyle,Petalburg Woods,"Left, No Cut",Wurmple,3,Tackle,String Shot,,,15,7,7,5,6,6
Team Aqua Grunt,Petalburg Woods,Middle,Poochyena,9,Tackle,Howl,Sand-Attack,,25,15,11,10,10,9
Bug Catcher James,Petalburg Woods,"Top, No Cut",Nincada,6,Scratch,Harden,Leech Life,,19,10,15,8,8,8
Bug Catcher James,Petalburg Woods,"Top, No Cut",Nincada,6,Scratch,Harden,Leech Life,,19,10,15,7,8,9
Rich Boy Winston,Route 104,Upper,Zigzagoon,7,Tackle,Growl ,Tail Whip,,22,9,9,9,11,13
Fisherman Ivan,Route 104,Upper,Magikarp,5,Splash,,,,17,5,10,6,7,14
Fisherman Ivan,Route 104,Upper,Magikarp,6,Splash,,,,18,6,12,6,6,14
Fisherman Ivan,Route 104,Upper,Magikarp,7,Splash,,,,19,6,13,6,7,16
Youngster Josh,Rustboro Gym,Lower,Geodude,10,Tackle,,,,29,19,26,13,12,10
Youngster Tommy,Rustboro Gym,Right,Geodude,8,Tackle,Defense Curl,Mud Sport,,25,16,22,10,10,9
Youngster Tommy,Rustboro Gym,Right,Geodude,8,Tackle,Defense Curl,Mud Sport,,25,18,24,10,9,9
Hiker Marc,Rustboro Gym,Left,Geodude,8,Tackle,Defense Curl,Mud Sport,,25,18,22,9,10,9
Hiker Marc,Rustboro Gym,Left,Geodude,8,Tackle,Defense Curl,Mud Sport,,25,17,22,12,11,9
Leader Roxanne,Rustboro Gym,,Geodude,12,Tackle,Rock Throw,Rock Tomb,Defense Curl,33,25,30,13,13,11
Leader Roxanne,Rustboro Gym,,Geodude,12,Tackle,Rock Throw,Rock Tomb,Defense Curl,33,25,30,14,13,9
Leader Roxanne,Rustboro Gym,Stone Badge,Nosepass,15,Tackle,Rock Tomb,Harden,Block,37,24,44,22,35,17
Twins Gina & Mia,Route 104,Upper Bridge,Seedot,6,Bide,Harden,,,20,9,11,7,8,8
Twins Gina & Mia,Route 104,Upper Bridge,Lotad,6,Astonish,Growl,,,20,8,7,9,11,8
Bug Catcher Jose,Route 116,Bottom Left,Wurmple,8,Tackle,String Shot,,,25,13,11,8,9,8
Bug Catcher Jose,Route 116,Bottom Left,Nincada,8,Scratch,Harden,Leech Life,,23,12,19,10,10,11
School Kid Karen,Route 116,Center,Shroomish,9,Absorb,Tackle,Stun Spore,,29,12,16,12,15,9
Hiker Clark,Route 116,Bottom Left,Geodude,8,Tackle,Defense Curl,Mud Sport,,24,17,21,9,8,8
Youngster Johnson,Route 116,Top Left,Shroomish,8,Absorb,Tackle,Stun Spore,,27,11,14,11,14,10
Youngster Johnson,Route 116,Top Left,Lotad,8,Astonish,Growl,Absorb,,24,8,9,11,13,9
Hiker Devan,Route 116,,Geodude,8,Tackle,Defense Curl,Mud Sport,,24,15,21,9,9,8
Hiker Devan,Route 116,,Geodude,8,Tackle,Defense Curl,Mud Sport,,24,18,21,9,8,8
Team Aqua Grunt,Rusturf Tunnel,First Visit,Poochyena,11,Tackle,Howl,Sand-Attack,,28,18,12,11,11,10
Lady Sarah,Route 116,Cut,Lotad,8,Astonish,Growl,Absorb,,24,9,9,11,13,9
Lady Sarah,Route 116,Cut,Zigzagoon,8,Tackle,Growl,Tail Whip,,24,9,11,9,11,14
Rich Boy Dawson,Route 116,Cut,Zigzagoon,8,Tackle,Growl,Tail Whip,,24,9,11,9,11,12
Rich Boy Dawson,Route 116,Cut,Poochyena,8,Tackle,Howl,,,23,11,10,9,9,11
School Kid Jerry,Route 116,Cut,Ralts,9,Growl,Confusion,,,24,9,9,13,12,10
Lass Janice,Route 116,Cut,Marill,9,Tackle,Defense Curl,Tail Whip,,31,8,14,8,12,12
Youngster Joey,Route 116,Top Right,Machop,9,Low Kick,Leer,Focus Energy,,31,19,14,11,11,11
Rustboro Rival,Rustboro City,(Outside Rustboro),Wingull,13,Growl,Water Gun,Supersonic,Wing Attack,33,13,11,19,14,27
Rustboro Rival,Rustboro City,(Outside Rustboro),Treecko,15,Pound,Leer,Absorb,Quick Attack,37,17,17,25,22,26
Rustboro Rival,Rustboro City,(Outside Rustboro),Torchic,15,Scratch,Growl,Focus Energy,Ember,38,20,18,26,20,18
Rustboro Rival,Rustboro City,(Outside Rustboro),Mudkip,15,Tackle,Bide,Mud-Slap,Water Gun,38,20,18,26,20,18
Lass Haley,Route 104,Upper,Lotad,6,Astonish,Growl,,,20,8,8,8,12,8
Lass Haley,Route 104,Upper,Shroomish,6,Absorb,Tackle,,,23,9,12,9,13,8
Lass Cindy (Full-Restore),Route 104,Pre-Woods,Zigzagoon,7,Tackle,Growl,Tail Whip,,22,9,10,9,9,13
Fisherman Darian,Route 104,Lower Beach,Magikarp,9,Splash,,,,22,6,14,6,8,19
Youngster Billy,Route 104 ,Lower Beach,Zigzagoon,5,Tackle,Growl,Tail Whip,,18,7,9,8,9,11
Youngster Billy,Route 104 ,Lower Beach,Seedot,7,Bide,Harden,Growth,,22,10,13,9,8,9
Fisherman Ned,Route 106,Right Side Beach,Tentacool,11,Poison Sting,Supersonic,,,29,13,10,16,29,20
Fisherman Elliot,Route 106,Left Side Beach,Magikarp,10,Splash,,,,24,7,16,8,8,21
Fisherman Elliot,Route 106,Left Side Beach,Tentacool,7,Poison Sting,Supersonic,,,22,10,9,12,19,14
Fisherman Elliot,Route 106,Left Side Beach,Magikarp,10,Splash,,,,24,6,17,8,9,21
Sailor Huey,Route 109,Beach,Wingull,12,Growl,Water Gun,Supersonic,,31,13,12,10,18,25
Sailor Huey,Route 109,Beach,Machop,12,Low Kick,Leer,Focus Energy,,38,26,17,13,11,13
Sailor Edmond,Route 109,Beach,Wingull,13,Growl,Water Gun,Supersonic,Wing Attack,33,12,12,19,12,27
Tuber Hailey,Route 109,Beach,Marill,13,Tackle,Defense Curl,Tail Whip,Water Gun,41,10,18,10,18,15
Tuber Ricky,Route 109,Beach,Zigzagoon,13,Sand-Attack,Headbutt,Tail Whip,Surf,33,13,13,12,15,20
Tuber Lola,Route 109,Beach,Azurill,12,Splash,Charm,Tail Whip,Bubble,34,8,15,9,14,9
Tuber Lola,Route 109,Beach,Azurill,12,Splash,Charm,Tail Whip,Bubble,34,8,14,9,14,9
Tuber Chandler,Route 109,Beach,Tentacool,12,Poison Sting,Supersonic,Constrict,,31,15,13,15,29,21
Tuber Chandler,Route 109,Beach,Tentacool,12,Poison Sting,Supersonic,Constrict,,31,12,13,17,31,21
Tuber Simon,Route 109,Seashore House,Azurill,12,Splash,Charm,Tail Whip,Bubble,34,9,14,9,14,8
Tuber Simon,Route 109,Seashore House,Marill,12,Tackle,Defense Curl,Tail Whip,Water Gun,38,9,17,8,17,14
Beauty Johanna,Route 109,Seashore House,Goldeen,13,Peck,Tail Whip,Water Sport,Supersonic,34,22,20,15,16,21
Sailor Dwayne,Route 109,Seashore House,Wingull,11,Growl,Water Gun,Supersonic,,29,11,11,17,9,25
Sailor Dwayne,Route 109,Seashore House,Machop,11,Low Kick,Leer,Focus Energy,,36,22,16,12,12,12
Sailor Dwayne,Route 109,Seashore House,Tentacool,11,Poison Sting,Supersonic,,,29,14,10,16,27,20
Team Aqua Grunt,Slateport City,Museum Lower,Carvanha,15,Leer,Bite,Rage,Focus Energy,38,32,12,24,11,21
Team Aqua Grunt,Slateport City,Museum Lower,Zubat,14,Leech Life,Supersonic,Astonish,,35,17,12,13,17,20
Team Aqua Grunt,Slateport City,Museum Lower,Carvanha,14,Leer,Bite,Rage,Focus Energy,36,30,10,25,10,20
Pokefan Isabel,Route 110,,Plusle,14,Growl,Thunder Wave,Quick Attack,Helping Hand,40,17,16,28,26,34
Pokefan Isabel,Route 110,,Minun,14,Growl,Thunder Wave,Quick Attack,Helping Hand,40,16,19,26,28,31
Pokefan Kaleb,Route 110,,Minun,14,Growl,Thunder Wave,Quick Attack,Helping Hand,40,16,20,23,28,31
Pokefan Kaleb,Route 110,,Plusle,14,Growl,Thunder Wave,Quick Attack,Helping Hand,40,17,17,28,26,31
Aroma Lady Daisy,Route 103,Far Right,Shroomish,14,Absorb,Tackle,Stun Spore,Leech Seed,40,16,18,16,21,15
Aroma Lady Daisy,Route 103,Far Right,Roselia,14,Absorb,Growth,Poison Sting,Stun Spore,38,21,17,33,27,23
Twins Amy & Liv,Route 103,Right Center,Plusle,15,Growl,Thunder Wave,Quick Attack,Helping Hand,43,20,17,33,27,29
Twins Amy & Liv,Route 103,Right Center,Minun,15,Growl,Thunder Wave,Quick Attack,Helping Hand,43,17,20,27,30,33
Pokefan Miguel,Route 103,Right Beach,Skitty,15,Tail Whip,Attract,Sing,DoubleSlap,40,19,18,15,13,20
Fisherman Andrew,Route 103,Right Beach,Magikarp,5,Splash,,,,17,6,10,6,7,13
Fisherman Andrew,Route 103,Right Beach,Tentacool,10,Poison Sting,Supersonic,,,28,13,10,16,25,19
Fisherman Andrew,Route 103,Right Beach,Magikarp,15,Splash,Tackle,,,31,8,18,9,11,31
Black Belt Rhett,Route 103,Cut,Makuhita,15,Focus Energy,Sand-Attack,Arm Thrust,Vital Throw,48,24,15,12,15,14
Guitarist Marcos,Route 103,,Voltorb,15,Charge,Tackle,Screech,Sonicboom,38,15,23,23,23,32
Lass Sally,Trick House,Puzzle 1,Oddish,16,Absorb,Sweet Scent,Poisonpowder,Stun Spore,40,21,22,29,22,15
Lass Robin,Trick House,Puzzle 1,Skitty,14,Tackle,Tail Whip,Attract,Sing,38,17,17,14,14,19
Lass Robin,Trick House,Puzzle 1,Shroomish,14,Absorb,Tackle,Stun Spore,Leech Seed,40,16,23,16,18,14
Lass Robin,Trick House,Top Right Table,Marill,14,Tackle,Defense Curl,Tail Whip,Water Gun,43,10,19,9,20,16
Youngster Eddie,Trick House,Puzzle 1,Zigzagoon,14,Growl,Tail Whip,Headbutt,Sand-Attack,34,13,16,14,16,18
Youngster Eddie,Trick House,Puzzle 1,Zigzagoon,16,Growl,Tail Whip,Headbutt,Sand-Attack,38,14,18,12,19,24
Youngster Timmy,Route 110,Mid Main,Aron,15,Harden,Mud-Slap,Headbutt,Metal Claw,40,26,35,15,18,14
Youngster Timmy,Route 110,Mid Main,Electrike,13,Tackle,Thunder Wave,Leer,Howl,33,14,16,21,15,21
Slateport Rival,Route 110,,Slugma,18,Yawn,Smog,Ember,Rock Throw,43,18,22,31,20,13
Slateport Rival,Route 110,,Grovyle,20,Absorb,Quick Attack,Fury Cutter,Pursuit,52,33,22,41,33,49
Slateport Rival,Route 110,,Combusken,20,Peck,Double Kick,Ember,Scratch,54,36,33,40,30,27
Slateport Rival,Route 110,,Marshtomp,20,Mud Shot,Water Gun,Tackle,Bide,58,36,37,30,34,25
Slateport Rival,Route 110,,Wingull,18,Growl,Water Gun,Supersonic,Wing Attack,43,14,16,27,16,36
Collector Edwin,Route 110,High-Mid Main,Lombre,14,Astonish,Growl,Absorb,Nature Power,40,19,20,21,24,17
Collector Edwin,Route 110,High-Mid Main,Nuzleaf,14,Pound,Harden,Growth,Nature Power,43,24,16,21,14,23
Guitarist Joseph,Route 110,High-Mid Main,Electrike,14,Tackle,Thunder Wave,Leer,Howl,35,17,16,25,16,20
Guitarist Joseph,Route 110,High-Mid Main,Voltorb,14,Charge,Tackle,Screech,,35,13,19,20,20,33
Psychic Edward,Route 110,,Abra,15,Hidden Power,,,,32,11,9,32,21,32
Triathlete Alyssa,Route 110,,Magnemite,15,Metal Sound,Tackle,Thundershock,Supersonic,32,15,26,36,18,18
Fisherman Dale,Route 110,Left of Cycling Road,Tentacool,11,Poison Sting,Supersonic,,,29,13,12,16,27,20
Fisherman Dale,Route 110,Left of Cycling Road,Wailmer,14,Splash,Growl,Water Gun,Rollout,60,24,14,24,14,21
Fisherman Dale,Route 110,Left of Cycling Road,Tentacool,11,Poison Sting,Supersonic,,,29,11,12,16,29,20
Fisherman Dale,Route 110,Left of Cycling Road,Wailmer,14,Splash,Growl,Water Gun,Rollout,60,24,14,24,12,23
Aroma Lady Rose,Route 118,West,Roselia,14,Absorb,Growth,Poison Sting,Stun Spore,38,21,17,33,27,23
Aroma Lady Rose,Route 118,West,Roselia,14,Absorb,Growth,Poison Sting,Stun Spore,38,21,17,33,27,23
Aroma Lady Rose,Route 118,West,Shroomish,14,Absorb,Tackle,Stun Spore,Leech Seed,40,16,21,16,21,14
Youngster Deandre,Route 118,West,Zigzagoon,14,Growl,Tail Whip,Headbutt,Sand-Attack,34,13,16,13,16,21
Youngster Deandre,Route 118,West,Aron,14,Harden,Mud-Slap,Headbutt,Metal Claw,38,24,33,14,16,14
Youngster Deandre,Route 118,West,Electrike,14,Tackle,Thunder Wave,Leer,Howl,35,18,16,20,16,23
Fisherman Wade,Route 118,West,Tentacool,16,Poison Sting,Supersonic,Constrict,,38,17,14,21,40,24
Guitarist Dalton,Route 118,West,Magnemite,15,Metal Sound,Tackle,Thundershock,Supersonic,32,15,26,36,18,18
Guitarist Dalton,Route 118,West,Whismur,15,Pound,Uproar,Astonish,Howl,44,20,11,20,9,14
PKMN Trainer Wally,Mauville City,,Ralts,16,Growl,Confusion,Double Team,Teleport,35,14,13,19,14,18
Youngster Ben,Mauville Gym,Center,Zigzagoon,17,Headbutt,Sand-Attack,Growl,Thunderbolt,42,18,22,18,22,28
Youngster Ben,Mauville Gym,Center,Gulpin,17,Amnesia,Sludge,Yawn,Pound,53,22,26,22,26,21
Battle Girl Vivian,Mauville Gym,Left,Meditite,17,Bide,Detect,Confusion,Thunderpunch,39,20,22,22,25,27
Battle Girl Vivian,Mauville Gym,Left,Meditite,17,Thunderpunch,Detect,Confusion,Meditate,39,20,25,20,25,27
Guitarist Kirk,Mauville Gym,Left,Electrike,17,Quick Attack,Thunder Wave,Spark,Leer,42,22,18,31,20,29
Guitarist Kirk,Mauville Gym,Left,Voltorb,17,Charge,Shock Wave,Screech,,42,15,24,25,25,45
Bug Maniac Angelo,Mauville Gym,Right,Illumise,17,Shock Wave,Quick Attack,Charm,,51,23,27,31,28,35
Bug Maniac Angelo,Mauville Gym,Right,Volbeat,17,Shock Wave,Quick Attack,Confuse Ray,,51,34,25,20,32,35
Guitarist Shawn,Mauville Gym,Right,Voltorb,17,Charge,Tackle,Screech,Sonicboom,42,17,24,27,25,36
Guitarist Shawn,Mauville Gym,Right,Magnemite,17,Tackle,Thundershock,Supersonic,Sonicboom,37,19,30,35,25,22
Leader Wattson,Mauville Gym,,Voltorb,20,Rollout,Spark,Self-Destruct,Shock Wave,50,21,29,31,31,49
Leader Wattson,Mauville Gym,,Electrike,20,Shock Wave,Leer,Quick Attack,Howl,50,27,25,35,25,35
Leader Wattson,Mauville Gym,,Magneton,22,Supersonic,Shock Wave,Thunder Wave,Sonicboom,59,37,57,56,41,41
Leader Wattson,Mauville Gym,Dynamo Badge,Manectric,24,Quick Attack,Thunder Wave,Shock Wave,Howl,74,52,41,62,41,55
Camper Tyron,Route 111,South,Sandshrew,19,Scratch,Defense Curl,Sand-Attack,Poison Sting,48,36,37,10,16,20
Aroma Lady Celina,Route 111,South,Roselia,18,Growth,Poison Sting,Stun Spore,Mega Drain,46,26,18,45,33,28
Picknicker Bianca,Route 111,South,Shroomish,18,Tackle,Stun Spore,Leech Seed,Mega Drain,49,19,28,19,23,17
Kindler Hayden,Route 111,South,Numel,18,Growl,Tackle,Ember,,49,26,19,30,18,17
Winstrate Victor,Route 111,Winstrate House,Taillow,16,Growl,Focus Energy,Quick Attack,Wing Attack,39,23,15,15,15,32
Winstrate Victor,Route 111,Winstrate House,Zigzagoon,16,Growl,Tail Whip,Headbutt,Sand-Attack,38,15,18,15,18,24
Winstrate Victoria,Route 111,Winstrate House,Roselia,17,Growth,Poison Sting,Stun Spore,Mega Drain,45,26,18,44,33,28
Winstrate Vivi,Route 111,Winstrate House,Marill,15,Defense Curl,Tail Whip,Water Gun,Rollout,47,12,21,13,21,16
Winstrate Vivi,Route 111,Winstrate House,Shroomish,15,Absorb,Tackle,Stun Spore,Leech Seed,44,18,21,19,24,17
Winstrate Vivi,Route 111,Winstrate House,Numel,15,Growl,Tackle,Ember,,44,24,18,26,22,15
Winstrate Vicky,Route 111,Winstrate House,Meditite,18,Hi Jump Kick,Meditate,Confusion,Detect,43,23,31,20,29,30
Interviewer Gabby & Ty,Route 111,South,Magnemite,17,Tackle,Thundershock,Supersonic,Sonicboom,36,17,29,38,24,21
Interviewer Gabby & Ty,Route 111,South,Whismur,17,Pound,Uproar,Astonish,Howl,49,20,13,23,14,15
Camper Travis,Route 111,South,Sandshrew,18,Scratch,Defense Curl,Sand-Attack,Poison Sting,46,35,31,12,15,19
Hiker Trent,Route 112,South,Geodude,16,Defense Curl,Mud Sport,Rock Throw,Magnitude,38,30,37,14,14,11
Hiker Trent,Route 112,South,Geodude,17,Defense Curl,Mud Sport,Rock Throw,Magnitude,40,35,35,15,15,11
Hiker Trent,Route 112,South,Geodude,16,Defense Curl,Mud Sport,Rock Throw,Magnitude,38,30,33,14,15,11
Hiker Brice,Route 112,South,Numel,17,Growl,Tackle,Ember,,47,25,19,24,20,16
Hiker Brice,Route 112,South,Machop,17,Low Kick,Leer,Focus Energy,Karate Chop,50,32,22,17,16,14
Kindler Bryant,Route 112,North,Numel,18,Growl,Tackle,Ember,,49,26,20,28,21,15
Kindler Bryant,Route 112,North,Slugma,18,Yawn,Smog,Ember,Rock Throw,42,19,19,33,19,10
Aroma Lady Shayla,Route 112,North,Shroomish,18,Tackle,Stun Spore,Leech Seed,Mega Drain,49,19,26,19,26,17
Aroma Lady Shayla,Route 112,North,Roselia,18,Growth,Poison Sting,Stun Spore,Mega Drain,46,28,21,36,33,28
Cooltrainer Wilton,Route 111,North,Electrike,17,Thunder Wave,Leer,Howl,Quick Attack,42,22,20,29,20,29
Cooltrainer Wilton,Route 111,North,Wailmer,17,Splash,Growl,Water Gun,Rollout,73,30,18,30,16,29
Cooltrainer Wilton,Route 111,North,Makuhita,17,Focus Energy,Sand-Attack,Arm Thrust,Vital Throw,53,27,17,13,17,15
Cooltrainer Brooke,Route 111,North,Wingull,17,Growl,Water Gun,Supersonic,Wing Attack,42,17,17,25,17,35
Cooltrainer Brooke,Route 111,North,Numel,17,Growl,Tackle,Ember,,49,27,20,29,22,18
Cooltrainer Brooke,Route 111,North,Roselia,17,Growth,Poison Sting,Stun Spore,Mega Drain,46,29,22,41,34,26
Black Belt Daisuke,Route 111,Mach Bike,Machop,19,Leer,Focus Energy,Karate Chop,Seismic Toss,57,37,26,20,20,20
Youngster Jaylen,Route 113,Center,Trapinch,19,Bite,Sand-Attack,Faint Attack,,46,43,19,22,24,8
Camper Lawrence,Route 113,Backtrack,Baltoy,18,Rapid Spin,Mud-Slap,Psybeam,Rock Tomb,42,19,21,19,33,24
Camper Lawrence,Route 113,Backtrack,Sandshrew,18,Scratch,Defense Curl,Sand-Attack,Poison Sting,46,28,35,12,16,19
Ninja Boy Lung,Route 113,Backtrack,Koffing,18,Poison Gas,Tackle,Smog,Selfdestruct,42,28,39,28,18,17
Ninja Boy Lung,Route 113,Backtrack,Ninjask,18,Harden,Leech life,Sand-Attack,Fury Swipes,49,37,21,23,23,62
PokeManiac Wyatt,Route 113,Backtrack,Aron,18,Mud-Slap,Headbutt,Metal Claw,Iron Defense,46,33,41,19,19,13
PokeManiac Wyatt,Route 113,Backtrack,Aron,18,Mud-Slap,Headbutt,Metal Claw,Iron Defense,46,30,41,19,19,15
Parasol Lady Madeline,Route 113,Center,Numel,19,Ember,Tackle,Magnitude,Sunny Day,51,27,18,29,24,18
Twins Tori & Tia,Route 113,Center,Spinda,19,Tackle,Uproar,Faint Attack,Psybeam,51,27,24,27,27,29
Twins Tori & Tia,Route 113,Center,Spinda,19,Tackle,Uproar,Faint Attack,Psybeam,51,27,27,29,24,27
Ninja Boy Lao,Route 113,Top,Koffing,17,Poison Gas,Tackle,Smog,Selfdestruct,40,27,37,25,22,14
Ninja Boy Lao,Route 113,Top,Koffing,17,Poison Gas,Tackle,Smog,Selfdestruct,40,27,40,22,20,16
Ninja Boy Lao,Route 113,Top,Koffing,17,Poison Gas,Tackle,Smog,Selfdestruct,40,27,37,27,18,16
Youngster Dillon,Route 113,Center,Aron,19,Mud-Slap,Headbutt,Metal Claw,Iron Defense,48,27,47,20,20,16
Picknicker Sophie,Route 113,Edge of Route,Marill,17,Defense Curl,Tail Whip,Water Gun,Rollout,50,11,24,11,19,18
Picknicker Sophie,Route 113,Edge of Route,Lombre,19,Growl,Absorb,Nature Power,Fake Out,51,24,24,24,34,24
Bird Keeper Coby,Route 113,Edge of Route,Skarmory,17,Peck,Sand-Attack,Swift,Agility,49,32,52,18,28,28
Bird Keeper Coby,Route 113,Edge of Route,Swellow,19,Focus Energy,Quick Attack,Wing Attack,Double Team,51,37,27,24,24,52
Fisherman Nolan,Route 114,Top,Barboach,19,Mud Sport,Water Sport,Water Gun,Magnitude,48,20,23,22,20,27
Picknicker Charlotte,Route 114,Right,Nuzleaf,19,Harden,Growth,Nature Power,Fake Out,55,31,20,24,22,27
Fisherman Kai,Route 114,Right,Barboach,19,Mud Sport,Water Sport,Water Gun,Magnitude,48,23,21,19,20,29
Fisherman Claude,Route 114,Center,Magikarp,16,Splash,Tackle,,,32,8,22,9,11,27
Fisherman Claude,Route 114,Center,Goldeen,17,Tail Whip,Water Sport,Supersonic,Horn Attack,42,27,25,14,24,26
Fisherman Claude,Route 114,Center,Barboach,18,Mud Sport,Water Sport,Water Gun,Magnitude,46,22,20,18,20,26
Picknicker Nancy,Route 114,Center,Marill,18,Defense Curl,Tail Whip,Water Gun,Rollout,53,13,23,10,23,19
Picknicker Nancy,Route 114,Center,Lombre,18,Astonish,Growl,Absorb,Nature Power,49,23,20,26,30,25
Sr. and Jr. Tyra & Ivy,Route 114,Center,Roselia,18,Growth,Stun Spore,Mega Drain,Leech Seed,46,26,18,45,33,28
Sr. and Jr. Tyra & Ivy,Route 114,Center,Graveler,20,Defense Curl,Rollout,Mud Sport,Rock Throw,52,43,51,23,23,19
Camper Shane,Route 114,Right,Sandshrew,18,Scratch,Defense Curl,Sand-Attack,Poison Sting,46,32,38,10,15,19
Camper Shane,Route 114,Right,Nuzleaf,18,Pound,Harden,Growth,Nature Power,53,30,19,28,19,23
Pokemaniac Steve,Route 114,Bottom of Grass,Aron,19,Mud-Slap,Headbutt,Metal Claw,Iron Defense,48,31,43,22,18,16
Kindler Bernie,Route 114,Right,Slugma,18,Yawn,Smog,Ember,Rock Throw,42,19,20,30,17,12
Kindler Bernie,Route 114,Right,Wingull,18,Growl,Water Gun,Supersonic,Wing Attack,42,15,15,21,16,35
Hiker Lucas,Route 114,Center,Geodude,18,Defense Curl,Mud Sport,Rock Throw,Magnitude,42,29,45,15,15,12
Hiker Lucas,Route 114,Center,Numel,18,Growl,Tackle,Ember,,49,26,17,30,21,17
Picknicker Angelina,Route 114,Center,Lombre,18,Astonish,Growl,Absorb,Nature Power,49,23,23,26,30,23
Picknicker Angelina,Route 114,Center,Marill,18,Defense Curl,Tail Whip,Water Gun,Rollout,53,13,23,12,20,19
Hiker Lenny,Route 114,Center,Geodude,18,Defense Curl,Mud Sport,Rock Throw,Magnitude,42,33,41,15,13,13
Hiker Lenny,Route 114,Center,Machop,18,Low Kick,Leer,Focus Energy,Karate Chop,53,33,20,17,18,17
Black Belt Nob,Route 115 Main,Center,Machop,19,Leer,Focus Energy,Karate Chop,Seismic Toss,57,40,26,20,20,18
Battle Girl Cyndy,Route 115 Main,Top Left,Meditite,18,Meditate,Confusion,Detect,Hidden Power,40,21,26,30,21,23
Battle Girl Cyndy,Route 115 Main,Top Left,Makuhita,18,Focus Energy,Sand-Attack,Arm Thrust,Vital Throw,56,30,17,14,17,14
Collector Hector,Route 115 Main,Center,Zangoose,18,Leer,Quick Attack,Swords Dance,Fury Cutter,54,46,23,26,26,40
Collector Hector,Route 115 Main,Center,Seviper,18,Wrap,Lick,Bite,Poison Tail,54,41,26,41,28,25
Psychic Marlene,Route 115 Main,Center,Meditite,18,Meditate,Confusion,Detect,Hidden Power,38,20,24,17,24,26
Psychic Marlene,Route 115 Main,Center,Spoink,18,Splash,Psywave,Odor Sleuth,Psybeam,49,14,17,27,36,26
Hiker Mike,Rusturf Tunnel,Second Visit,Geodude,16,Defense Curl,Mud Sport,Rock Throw,Magnitude,38,30,37,14,14,11
Hiker Mike,Rusturf Tunnel,Second Visit,Geodude,16,Defense Curl,Mud Sport,Rock Throw,Magnitude,38,33,33,14,14,11
Hiker Mike,Rusturf Tunnel,Second Visit,Machop,16,Low Kick,Leer,Focus Energy,Karate Chop,48,30,21,16,16,16
Pokémon  Breeder Lydia,Route 117,Center,Wingull,11,Growl,Wing Attack,Supersonic,,29,11,11,17,11,23
Pokémon  Breeder Lydia,Route 117,Center,Shroomish,11,Absorb,Tackle,Stun Spore,Leech Seed,34,11,19,13,18,12
Pokémon  Breeder Lydia,Route 117,Center,Marill,11,Tackle,Defense Curl,Tail Whip,Water Gun,36,9,16,9,16,11
Pokémon  Breeder Lydia,Route 117,Center,Roselia,11,Absorb,Growth,Poison Sting,,32,18,14,27,22,19
Pokémon  Breeder Lydia,Route 117,Center,Skitty,11,Growl,Tackle,Tail Whip,Attract,32,12,15,12,12,16
Pokémon  Breeder Lydia,Route 117,Center,Goldeen,11,Peck,Tail Whip,Water Sport,Supersonic,30,19,18,12,16,18
Bug Maniac Derek,Route 117,Bottom,Dustox,16,Confusion,Gust,,,48,23,30,20,36,30
Bug Maniac Derek,Route 117,Bottom,Beautifly,16,Absorb,Gust,,,48,33,20,36,23,28
Psychic Brandi,Route 117,Top,Ralts,17,Growl,Confusion,Double Team,Teleport,36,14,13,20,14,18
Triathlete Melina,Route 117,Top,Doduo,17,Peck,Growl,Pursuit,Fury Attack,38,33,20,16,16,30
Battle Girl Aisha,Route 117,Top,Meditite,17,Bide,Meditate,Confusion,Detect,37,18,20,19,23,25
Triathlete Maria,Route 117,Bottom,Doduo,17,Peck,Growl,Pursuit,Fury Attack,38,33,18,16,16,33
Pokémon  Breeder Isaac,Route 117,Center,Whismur,11,Pound,Uproar,Astonish,,35,16,10,17,10,9
Pokémon  Breeder Isaac,Route 117,Center,Zigzagoon,11,Tackle,Growl,Tail Whip,Headbutt,29,11,15,11,12,18
Pokémon  Breeder Isaac,Route 117,Center,Aron,11,Tackle,Harden,Mud-Slap,Headbutt,32,20,27,13,11,12
Pokémon  Breeder Isaac,Route 117,Center,Poochyena,11,Tackle,Howl,Sand-Attack,,28,17,12,91,12,12
Pokémon  Breeder Isaac,Route 117,Center,Taillow,11,Peck,Growl,Focus Energy,Quick Attack,29,15,11,12,11,23
Pokémon  Breeder Isaac,Route 117,Center,Makuhita,11,Tackle,Focus Energy,Sand-Attack,Arm Thrust,36,18,11,9,11,10
Triathlete Dylan,Route 117,Bottom,Doduo,17,Peck,Growl,Pursuit,Fury Attack,38,33,18,16,16,33
Sr. & Jr. Anna & Meg,Route 117,Top,Zigzagoon,15,Growl,Tail Whip,Headbutt,Odor Sleuth,36,15,17,14,15,23
Sr. & Jr. Anna & Meg,Route 117,Top,Makuhita,17,Tackle,Focus Energy,Arm Thrust,,51,25,15,9,16,13
Team Magma Grunt,Mt. Chimney,Left,Numel,20,Growl,Tackle,Ember,Magnitude,54,29,21,31,23,19
Team Magma Grunt,Mt. Chimney,Left,Zubat,20,Leech Life,Supersonic,Astonish,Bite,46,23,17,17,23,27
Magma Admin Tabitha,Mt. Chimney,Center,Numel,18,Ember,Tackle,Growl,,50,27,22,29,19,18
Magma Admin Tabitha,Mt. Chimney,Center,Zubat,22,Wing Attack,Bite,Astonish,Supersonic,50,26,21,20,20,30
Magma Admin Tabitha,Mt. Chimney,Center,Poochyena,20,Bite,Howl,Sand-Attack,Odor Sleuth,45,28,20,18,18,20
Magma Admin Tabitha,Mt. Chimney,Center,Numel,22,Magnitude,Ember,Tackle,Growl,59,32,20,37,26,21
Magma Leader Maxie,Mt. Chimney,Center,Mightyena,24,Bite,Sand-Attack,Roar,Odor Sleuth,71,52,46,38,34,42
Magma Leader Maxie,Mt. Chimney,Center,Zubat,24,Wing Attack,Bite,Astonish,Supersonic,57,33,23,23,28,35
Magma Leader Maxie,Mt. Chimney,Center,Camerupt,25,Magnitude,Ember,Tackle,Focus Energy,74,64,44,55,47,29
Hiker Eric,Jagged Pass,Left,Geodude,20,Defense Curl,Mud Sport,Rock Throw,Magnitude,46,37,45,15,17,14
Hiker Eric,Jagged Pass,Left,Baltoy,20,Mud-Slap,Psybeam,Rock Tomb,Selfdestruct,46,21,29,18,33,27
Team Magma Straggler,Jagged Pass,Center,Poochyena,22,Sand-Attack,Bite,Odor Sleuth,Roar,48,33,21,19,19,18
Team Magma Straggler,Jagged Pass,Center,Numel,22,Growl,Tackle,Ember,Magnitude,59,32,25,34,26,18
Picknicker Diana,Jagged Pass,Left,Shroomish,19,Tackle,Stun Spore,Leech Seed,Mega Drain,51,20,27,20,27,18
Picknicker Diana,Jagged Pass,Left,Oddish,19,Sweet Scent,Poisonpowder,Stun Spore,Sleep Powder,46,24,22,36,29,16
Picknicker Diana,Jagged Pass,Left,Swablu,19,Growl,Astonish,Sing,Fury Attack,46,20,29,20,29,24
Picknicker Autumn,Jagged Pass,Center,Shroomish,21,Tackle,Stun Spore,Leech Seed,Mega Drain,56,21,30,23,27,19
Triathlete Julio,Jagged Pass,Center,Magnemite,21,Thundershock,Supersonic,Sonicboom,Thunder Wave,41,19,37,44,25,23
Camper Ethan,Jagged Pass,Center,Zigzagoon,20,Tail Whip,Headbutt,Sand-Attack,Odor Sleuth,45,17,21,17,21,29
Camper Ethan,Jagged Pass,Center,Taillow,20,Focus Energy,Quick Attack,Wing Attack,Double Team,46,27,17,17,17,39
Kindler Jeff,Lavaridge Gym,,Slugma,22,Smog,Ember,Rock Throw,Harden,52,25,22,38,27,16
Kindler Jeff,Lavaridge Gym,,Slugma,22,Smog,Ember,Rock Throw,Harden,52,25,25,38,25,16
Kindler Jace,Lavaridge Gym,,Slugma,23,Smog,Ember,Rock Throw,Harden,54,26,26,35,28,16
Hiker Eli,Lavaridge Gym,,Numel,23,Growl,Tackle,Ember,Magnitude,63,31,26,37,28,25
Kindler Cole,Lavaridge Gym,,Numel,23,Growl,Tackle,Ember,Magnitude,63,31,28,37,28,23
Cooltrainer Gerald,Lavaridge Gym,,Kecleon,23,Flamethrower,Fury Swiped,Faint Attack,Bind,63,49,35,38,62,26
Kindler Axle,Lavaridge Gym,,Numel,23,Growl,Tackle,Ember,Magnitude,63,35,26,37,30,20
Kindler Keegan,Lavaridge Gym,,Slugma,23,Smog,Ember,Rock Throw,Harden,54,26,26,40,26,17
Battle Girl Danielle,Lavaridge Gym,,Meditite,23,Bide,Detect,Confusion,Fire Punch,49,26,36,23,33,35
Leader Flannery,Lavaridge Gym,,Numel,24,Magnitude,Take Down,Overheat,Sunny Day,68,39,29,36,32,29
Leader Flannery,Lavaridge Gym,,Slugma,24,Smog,Overheat,Light Screen,Sunny Day,58,26,29,44,31,20
Leader Flannery,Lavaridge Gym,,Camerupt,26,Overheat,Tackle,Attract,Sunny Day,80,70,49,60,51,33
Leader Flannery,Lavaridge Gym,Heat Badge,Torkoal,29,Body Slam,Overheat,Attract,Sunny Day,88,56,94,69,54,25
Picknicker Carol,Route 112,South,Taillow,17,Growl,Focus Energy,Quick Attack,Wing Attack,40,23,16,13,15,33
Picknicker Carol,Route 112,South,Lombre,17,Astonish,Growl,Absorb,Nature Power,47,22,22,25,29,22
Camper Larry,Route 112,South,Nuzleaf,18,Pound,Harden,Growth,Nature Power,53,30,20,26,19,23
Camper Beau,Route 111 Desert,,Baltoy,21,Rapid Spin,Mud-Slap,Psybeam,Rock Tomb,47,18,28,21,37,28
Camper Beau,Route 111 Desert,,Sandshrew,21,Poison Sting,Sand-Attack,Scratch,Dig,52,36,40,13,17,21
Camper Beau,Route 111 Desert,,Baltoy,21,Rapid Spin,Mud-Slap,Psybeam,Rock Tomb,47,23,28,21,34,25
Picknicker Heidi,Route 111 Desert,,Sandshrew,22,Dig,Sand-Attack,Poison Sting,Slash,54,34,42,13,19,22
Picknicker Heidi,Route 111 Desert,,Baltoy,22,Rapid Spin,Mud-Slap,Psybeam,Rock Tomb,49,22,29,22,35,29
Camper Drew,Route 111 Desert,,Sandshrew,23,Dig,Sand-Attack,Poison Sting,Slash,56,35,44,14,18,25
Picknicker Becky,Route 111 Desert,,Sandshrew,22,Sand-Attack,Poison Sting,Slash,Dig,54,38,37,13,18,24
Picknicker Becky,Route 111 Desert,,Marill,22,Rollout,BubbleBeam,Tail Whip,Defense Curl,62,14,27,11,27,22
Ruin Maniac Bryan,Route 111 Desert,,Sandshrew,22,Scratch,Defense Curl,Sand-Attack,Poison Sting,54,38,37,13,18,24
Ruin Maniac Bryan,Route 111 Desert,,Sandslash,22,Scratch,Defense Curl,Sand-Attack,Poison Sting,65,53,58,24,29,29
Camper Branden,Route 111 Desert,,Taillow,22,Focus Energy,Quick Attack,Wing Attack,Double Team,49,26,18,18,18,46
Camper Branden,Route 111 Desert,,Nuzleaf,22,Harden,Growth,Nature Power,Fake Out,62,35,22,34,22,27
Picknicker Celia,Route 111 Desert,,Marill,22,Tail Whip,Water Gun,Rollout,BubbleBeam,62,13,24,14,27,22
Picknicker Celia,Route 111 Desert,,Lombre,22,Growl,Absorb,Nature Power,Fake Out,58,27,27,31,35,27
Ruin Maniac Dusty,Route 111 Desert,,Sandslash,23,Dig,Slash,Sand-Attack,Poison Sting,68,57,50,27,31,36
Picknicker Irene,Route 111,South,Shroomish,17,Tackle,Stun Spore,Leech Seed,Mega Drain,47,18,25,19,22,16
Picknicker Irene,Route 111,South,Marill,17,Defense Curl,Tail Whip,Water Gun,Rollout,50,11,19,12,22,18
Psychic Jaclyn,Route 110,Cycling Road,Abra,16,Hidden Power,,,,34,12,9,38,22,29
Triathlete Abigail,Route 110,Cycling Road,Magnemite,16,Tackle,Thundershock,Supersonic,Sonicboom,34,16,27,38,19,19
Triathlete Anthony,Route 110,Cycling Road,Magnemite,14,Metal Sound,Tackle,Thundershock,Supersonic,31,14,21,31,22,17
Triathlete Anthony,Route 110,Cycling Road,Magnemite,14,Metal Sound,Tackle,Thundershock,Supersonic,31,14,24,31,20,17
Traithlete Benjamin,Route 110,Cycling Road,Magnemite,16,Tackle,Thundershock,Supersonic,Sonicboom,34,16,27,31,22,20
Triathlete Jasmine,Route 110,Cycling Road,Magnemite,14,Metal Sound,Tackle,Thundershock,Supersonic,32,16,25,32,21,18
Triathlete Jasmine,Route 110,Cycling Road,Magnemite,14,Metal Sound,Tackle,Thundershock,Supersonic,32,17,25,28,21,18
Triathlete Jasmine,Route 110,Cycling Road,Voltorb,6,Charge,Tackle,,,20,8,11,11,11,15
Triathlete Jacob,Route 110,Cycling Road,Voltorb,6,Charge,Tackle,,,20,8,11,9,11,18
Triathlete Jacob,Route 110,Cycling Road,Voltorb,6,Charge,Tackle,,,20,7,11,12,11,17
Triathlete Jacob,Route 110,Cycling Road,Magnemite,14,Metal Sound,Tackle,Thundershock,Supersonic,34,18,27,34,25,18
Battle Girl Laura,Dewford Gym,Bottom,Meditite,13,Bide,Meditate,Confusion,Detect,33,17,21,17,21,22
Battle Girl Lilith,Dewford Gym,Far Right,Meditite,13,Bide,Meditate,Confusion,Detect,33,17,21,17,21,22
Sailor Brenden,Dewford Gym,Far Right,Machop,13,Low Kick,Leer,Focus Energy,Karate Chop,42,29,19,15,15,13
Black Belt Takao,Dewford Gym,Far Left,Machop,13,Low Kick,Leer,Focus Energy,Karate Chop,43,27,17,16,16,17
Black Belt Cristian,Dewford Gym,,Makuhita,13,Focus Energy,Sand-Attack,Arm Thrust,Vital Throw,44,25,15,13,13,14
Battle Girl Jocelyn,Dewford Gym,,Meditite,13,Bide,Meditate,Confusion,Detect,32,17,21,17,21,22
Leader Brawly,Dewford Gym,,Machop,16,Karate Chop,Low Kick,Seismic Toss,Bulk Up,50,32,22,18,18,18
Leader Brawly,Dewford Gym,,Meditite,16,Focus Punch,Light Screen,Reflect,Bulk Up,37,17,24,19,26,26
Leader Brawly,Dewford Gym,Knuckle Badge,Makuhita,19,Arm Thrust,Vital Throw,Reversal,Bulk Up,60,32,22,17,18,19
Cooltrainer Mary,Petalburg Gym,Bottom Right,Delcatty,26,Faint Attack,Shock Wave,,,80,46,46,45,36,49
Cooltrainer George,Petalburg Gym,Center Right,Slakoth,26,Shadow Ball,Counter,Slack Off,,75,48,44,31,31,25
Cooltrainer Randall,Petalburg Gym,Bottom Left,Swellow,26,Quick Attack,Agility,Wing Attack,,75,57,39,39,39,85
Cooltrainer Parker,Petalburg Gym,Center Left,Spinda,26,Teeter Dance,Dizzy Punch,Focus Punch,,75,39,44,44,48,44
Cooltrainer Jody,Petalburg Gym,Top Left,Zangoose,26,Swords Dance,Slash,,,82,72,44,39,48,59
Cooltrainer Alexia,Petalburg Gym,Center Center,Wigglytuff,26,Defense Curl,Double-Edge,Shadow Ball,,116,53,36,52,35,36
Cooltrainer Berke,Petalburg Gym,Top Right,Vigoroth,26,Slash,Focus Energy,,,85,54,54,41,41,59
Leader Norman,Petalburg Gym,,Spinda,27,Facade,Psybeam,Teeter Dance,Encore,75,43,43,43,43,43
Leader Norman,Petalburg Gym,,Vigoroth,27,Slash,Facade,Faint Attack,Encore,86,54,54,41,36,66
Leader Norman,Petalburg Gym,,Linoone,29,Slash,Facade,Headbutt,Belly Drum,91,57,42,40,47,69
Leader Norman,Petalburg Gym,Balance Badge,Slaking,31,Facade,Faint Attack,Counter,Yawn,143,113,76,73,59,68
Swimmer Imani,Route 105,Right,Marill,26,Tail Whip,Water Gun,Rollout,Bubblebeam,72,15,31,15,31,25
Swimmer Domimik,Route 105,Left,Tentacool,26,Supersonic,Constrict,Acid,Bubblebeam,56,25,23,31,62,36
Ruin Maniac Foster,Route 105,Island,Sandshrew,25,Dig,Slash,Sand-Attack,Poison Sting,63,40,50,19,23,28
Ruin Maniac Foster,Route 105,Island,Sandslash,25,Dig,Slash,Sand-Attack,Poison Sting,75,52,63,30,35,44
Swimmer Beverly,Route 105,Left,Wingull,25,Water Gun,Supersonic,Wing Attack,Mist,55,20,18,35,20,47
Swimmer Beverly,Route 105,Left,Wailmer,25,Water Gun,Rollout,Whirlpool,Astonish,100,36,22,40,22,38
Ruin Maniac Andres,Route 105,Island,Sandshrew,25,Defense Curl,Sand-Attack,Poison Sting,Slash,61,44,53,14,21,26
Ruin Maniac Andres,Route 105,Island,Sandshrew,25,Defense Curl,Sand-Attack,Poison Sting,Slash,61,39,53,16,21,26
Bird Keeper Josue,Route 105,Island,Taillow,25,Focus Energy,Quick Attack,Wing Attack,Double Team,56,34,21,21,21,49
Bird Keeper Josue,Route 105,Island,Wingull,25,Water Gun,Supersonic,Wing Attack,Mist,56,21,21,34,21,49
Swimmer Luis,Route 105,Left,Carvanha,26,Rage,Focus Energy,Scary Face,Crunch,59,56,15,38,15,34
Swimmer Douglas,Route 106,,Tentacool,24,Poison Sting,Supersonic,Constrict,Acid,53,24,19,29,58,38
Swimmer Douglas,Route 106,,Tentacool,24,Poison Sting,Supersonic,Constrict,Acid,53,24,22,29,53,38
Swimmer Kyla,Route 106,,Wailmer,26,Water Gun,Rollout,Whirlpool,Astonish,103,45,20,41,23,36
Swimmer Denise,Route 107,,Wingull,25,Water Gun,Supersonic,Wing Attack,Mist,55,22,20,32,20,42
Swimmer Denise,Route 107,,Goldeen,25,Water Sport,Supersonic,Horn Attack,Flail,57,38,35,22,30,36
Swimmer Tony,Route 107,,Carvanha,26,Rage,Focus Energy,Scary Face,Crunch,59,45,16,38,15,38
Sis & Bro Lisa & Ray,Route 107,,Goldeen,27,Water Sport,Supersonic,Horn Attack,Flail,61,45,37,23,28,39
Sis & Bro Lisa & Ray,Route 107,,Tentacool,25,Supersonic,Constrict,Acid,Bubblebeam,55,22,22,30,60,40
Swimmer Darrin,Route 107,,Tentacool,24,Poison Sting,Supersonic,Constrict,Acid,53,21,22,31,53,38
Swimmer Darrin,Route 107,,Wingull,24,Water Gun,Supersonic,Wing Attack,Mist,53,17,19,31,20,46
Swimmer Darrin,Route 107,,Tentacool,24,Poison Sting,Supersonic,Constrict,Acid,53,24,22,29,53,38
Swimmer Beth,Route 107,,Goldeen,26,Water Sport,Supersonic,Horn Attack,Flail,59,42,36,20,31,37
Triathlete Camron,Route 107,,Staryu,26,Rapid Spin,Recover,Camouflage,Swift,51,28,29,41,33,53
Swimmer Missy,Route 108,,Goldeen,26,Water Sport,Supersonic,Horn Attack,Flail,59,39,36,25,27,37
Swimmer Matthew,Route 108,,Carvanha,26,Rage,Focus Energy,Scary Face,Crunch,59,51,15,38,15,38
Beauty Thalia,Abandonded Ship,First Cabins,Wailmer,25,Water Gun,Rollout,Whirlpool,Astonish,100,36,22,40,24,35
Beauty Thalia,Abandonded Ship,First Cabins,Horsea,25,Bubble,Smokescreen,Leer,Water Gun,50,25,40,40,15,38
Youngster Demetrius,Abandonded Ship,First Cabins,Zigzagoon,25,Sand-Attack,Odor Sleuth,Mud Sport,Pin Missile,54,22,25,18,25,35
Youngster Demetrius,Abandonded Ship,First Cabins,Electrike,25,Howl,Quick Attack,Spark,Odor Sleuth,55,29,25,33,25,37
Sailor Duncan,Abandonded Ship,2F Center,Spheal,25,Encore,Ice Ball,Body Slam,Aurora Beam,70,25,27,32,30,18
Sailor Duncan,Abandonded Ship,2F Center,Machoke,25,Karate Chop,Seismic Toss,Foresight,Revenge,75,55,40,30,38,24
Tuber Charlie,Abandonded Ship,1F Left,Marill,26,Tail Whip,Water Gun,Rollout,Bubblebeam,72,13,31,15,34,25
Ruin Maniac Garrison,Abandonded Ship,Top of 1F Cabins,Sandslash,26,Defense Curl,Sand-Attack,Poison Sting,Slash,75,57,55,28,36,38
Tuber Jani,Abandonded Ship,,Marill,26,Tail Whip,Water Gun,Rollout,Bubblebeam,72,15,31,15,31,25
Youg Couple Kira & Dan,Abandonded Ship,,Volbeat,25,Moonlight,Quick Attack,Tail Glow,Signal Beam,67,41,35,28,42,42
Youg Couple Kira & Dan,Abandonded Ship,,Illumise,25,Moonlight,Quick Attack,Wish,Encore,67,25,32,45,42,47
Swimmer Tara,Route 108,,Horsea,25,Bubble,Smokescreen,Leer,Water Gun,50,25,36,44,17,35
Swimmer Tara,Route 108,,Marill,25,Tail Whip,Water Gun,Rollout,Bubblebeam,70,15,30,15,30,25
Cooltrainer Carolina,Route 108,,Manectric,24,Leer,Howl,Quick Attack,Spark,69,42,31,56,38,56
Cooltrainer Carolina,Route 108,,Swellow,24,Focus Energy,Quick Attack,Wing Attack,Double Team,64,51,35,27,30,66
Cooltrainer Carolina,Route 108,,Manectric,24,Leer,Howl,Quick Attack,Spark,69,46,35,56,31,56
Sailor Cory,Route 108,,Wingull,24,Water Gun,Supersonic,Wing Attack,Mist,53,19,17,34,19,45
Sailor Cory,Route 108,,Machop,24,Focus Energy,Karate Chop,Seismic Toss,Foresight,67,47,29,18,21,21
Sailor Cory,Route 108,,Tentacool,24,Poison Sting,Supersonic,Constrict,Acid,53,24,23,29,53,34
Swimmer Jerome,Route 108,,Tentacruel,26,Supersonic,Constrict,Acid,Bubblebeam,77,45,38,46,67,51
Fisherman Carter,Route 109 Surf,,Wailmer,25,Water Gun,Rollout,Whirlpool,Astonish,100,36,22,40,24,35
Fisherman Carter,Route 109 Surf,,Tentacruel,25,Supersonic,Constrict,Acid,Bubblebeam,75,36,40,45,65,55
Bird Keeper Elijah,Route 109 Surf,,Skarmory,25,Peck,Sand-Attack,Swift,Agility,67,45,75,25,40,40
Bird Keeper Elijah,Route 109 Surf,,Skarmory,25,Peck,Sand-Attack,Swift,Agility,67,45,75,25,36,44
Tuber Austina,Route 109 Surf,,Marill,26,Tail Whip,Water Gun,Rollout,Bubblebeam,72,16,31,13,31,25
Tuber Gwen,Route 109 Surf,,Marill,26,Tail Whip,Water Gun,Rollout,Bubblebeam,72,15,31,15,27,27
Swimmer Alice,Route 109 Surf,,Goldeen,24,Water Sport,Supersonic,Horn Attack,Flail,55,37,33,21,26,38
Swimmer Alice,Route 109 Surf,,Wingull,24,Water Gun,Supersonic,Wing Attack,Mist,53,19,19,31,19,45
Swimmer Alice,Route 109 Surf,,Goldeen,24,Water Sport,Supersonic,Horn Attack,Flail,55,37,33,21,29,35
Swimmer David,Route 109 Surf,,Tentacool,25,Supersonic,Constrict,Acid,Bubblebeam,55,22,24,30,55,40
Swimmer David,Route 109 Surf,,Carvanha,25,Rage,Focus Energy,Scary Face,Crunch,57,50,13,37,15,40
Young Couple Mel & Paul,Route 109 Surf,,Dustox,27,Gust,Psybeam,Toxic,Protect,69,35,42,32,47,40
Young Couple Mel & Paul,Route 109 Surf,,Beautifly,27,Gust,Mega Drain,Attract,Stun Spore,69,42,28,58,32,40
Swimmer Isabelle,Route 103 Surfing,Center,Marill,15,Defense Curl,Tail Whip,Water Gun,Rollout,46,11,20,11,20,17
Swimmer Pete,Route 103 Surfing,,Tentacool,15,Poison Sting,Supersonic,Constrict,,37,17,15,20,35,26
Fisherman Barny,Route 118,East,Tentacool,25,Supersonic,Constrict,Acid,Bubblebeam,55,25,22,30,55,40
Fisherman Barny,Route 118,East,Carvanha,25,Rage,Focus Energy,Scary Face,Crunch,57,55,13,37,15,37
Bird Keeper Chester,Route 118,East,Taillow,25,Focus Energy,Quick Attack,Wing Attack,Double Team,55,28,22,20,20,47
Bird Keeper Chester,Route 118,East,Swellow,25,Focus Energy,Quick Attack,Wing Attack,Double Team,65,51,31,30,30,67
Bird Keeper Perry,Route 118,East,Wingull,26,Water Gun,Supersonic,Wing Attack,Mist,56,20,22,29,20,49
Bug Catcher Kent,Route 119,,Ninjask,25,Double Team,Fury Cutter,Screech,Swords Dance,65,45,29,30,30,85
Bug Maniac Donald,Route 119,,Wurmple,24,Tackle,String Shot,Poison Sting,,58,29,24,18,22,15
Bug Maniac Donald,Route 119,,Silcoon,24,Harden,,,,60,24,34,19,20,13
Bug Maniac Donald,Route 119,,Beautifly,24,Gust,Stun Spore,Morning Sun,Mega Drain,65,41,31,51,31,39
Bug Catcher Greg,Route 119,,Volbeat,25,Moonlight,Quick Attack,Tail Glow,Signal Beam,67,41,28,28,46,47
Bug Catcher Greg,Route 119,,Illumise,25,Moonlight,Quick Attack,Wish,Encore,67,25,32,41,42,51
Bug Maniac Taylor,Route 119,,Wurmple,27,Tackle,String Shot,Poison Sting,,64,32,27,17,24,20
Bug Maniac Taylor,Route 119,,Cascoon,27,Harden,,,,67,27,37,21,21,16
Bug Maniac Taylor,Route 119,,Dustox,27,Protect,Moonlight,Psybeam,Whirlwind,72,35,46,35,56,43
Bug Catcher Doug,Route 119,,Nincada,28,Sand-Attack,Fury Swipes,Mind Reader,False Swipe,55,27,55,21,23,27
Bug Catcher Doug,Route 119,,Ninjask,28,Double Team,Fury Cutter,Screech,Swords Dance,72,55,27,33,36,94
Bug Maniac Brent,Route 119,,Surskit,26,Quick Attack,Sweet Scent,Water Sport,Bubblebeam,59,23,26,34,31,41
Fisherman Chris,Route 119,Requires Surf,Magikarp,29,Splash,Tackle,,,50,10,36,14,16,45
Fisherman Chris,Route 119,Requires Surf,Tentacool,20,Poison Sting,Supersonic,Constrict,Acid,46,21,19,22,45,36
Fisherman Chris,Route 119,Requires Surf,Feebas,26,Splash,Tackle,,,46,12,16,10,29,46
Fisherman Chris,Route 119,Requires Surf,Carvanha,23,Rage,Focus Energy,Scary Face,Crunch,53,46,14,37,14,30
Pokémon  Ranger Catherine,Route 119,,Gloom,26,Poisonpowder,Stun Spore,Sleep Powder,Acid,68,40,42,50,40,29
Pokémon  Ranger Catherine,Route 119,,Roselia,26,Stun Spore,Mega Drain,Leech Seed,Magical Leaf,63,37,29,63,48,36
Pokémon  Ranger Jackson,Route 119,,Breloom,27,Leech Seed,Mega Drain,Headbutt,Mach Punch,71,83,49,35,39,44
Parasol Lady Rachel,Route 119,,Goldeen,26,Water Sport,Supersonic,Horn Attack,Flail,59,39,39,23,31,33
Bird Keeper Phil,Route 119,,Swellow,26,Focus Energy,Quick Attack,Wing Attack,Double Team,67,49,32,31,31,77
Ninja Boy Takashi,Route 119,,Ninjask,25,Double Team,Fury Cutter,Screech,Swords Dance,65,50,27,33,30,76
Ninja Boy Takashi,Route 119,,Koffing,25,Smog,Selfdestruct,Sludge,Smokescreen,55,37,52,31,27,24
Kindler Dayton,Route 119,,Slugma,25,Smog,Ember,Rock Throw,Harden,55,22,25,44,25,15
Kindler Dayton,Route 119,,Numel,25,Tackle,Ember,Magnitude,Focus Energy,65,31,27,37,27,22
Bird Keeper Hugh,Route 119,,Wingull,25,Water Gun,Supersonic,Wing Attack,Mist,55,20,20,32,18,51
Bird Keeper Hugh,Route 119,,Tropius,25,Growht,Razor Leaf,Stomp,Sweet Scent,84,39,46,41,48,30
Team Aqua Grunt,Weather Institute,1F,Carvanha,28,Crunch,Screech,Focus Energy,Scary Face,63,55,14,45,16,41
Team Aqua Grunt,Weather Institute,1F,Zubat,27,Astonish,Bite,Wing Attack,Confuse Ray,58,29,20,21,28,34
Team Aqua Grunt,Weather Institute,1F,Poochyena,27,Bite,Odor Sleuth,Roar,Swagger,55,34,23,21,21,23
Team Aqua Grunt,Weather Institute,2F,Poochyena,27,Wing Attack,Bite,Astonish,Confuse Ray,58,26,25,21,26,34
Team Aqua Grunt,Weather Institute,2F,Carvanha,27,Bite,Swagger,Roar,Odor Sleuth,55,34,20,21,23,23
Team Aqua Grunt,Weather Institute,2F,Zubat,27,Bite,Swagger,Roar,Odor Sleuth,55,37,23,21,21,20
Team Aqua Grunt,Weather Institute,2F,Poochyena,27,Crunch,Rage,Focus Energy,Scary Face,61,53,15,36,16,40
Team Aqua Grunt,Weather Institute,2F,Poochyena,26,Bite,Odor Sleuth,Roar,Swagger,54,36,23,20,20,20
Team Aqua Grunt,Weather Institute,2F,Zubat,26,Astonish,Bite,Wing Attack,Confuse Ray,56,28,23,20,25,33
Team Aqua Grunt,Weather Institute,2F,Carvanha,26,Rage,Focus Energy,Scary Face,Crunch,59,51,16,34,15,38
Aqua Admin Shelly,Weather Institute,2F,Carvanha,28,Crunch,Screech,Focus Energy,Scary Face,64,57,17,38,17,47
Aqua Admin Shelly,Weather Institute,2F,Mightyena,28,Bite,Swagger,Roar,Odor Sleuth,78,62,40,40,40,45
Fortree Rival,Route 119,,Slugma,29,Rock Throw,Ember,Harden,Amnesia,65,27,34,49,31,20
Fortree Rival,Route 119,,Grovyle,31,Leaf Blade,Fury Cutter,Pursuit,Screech,77,50,34,63,55,69
Fortree Rival,Route 119,,Combusken,31,Peck,Double Kick,Ember,Focus Energy,79,59,39,59,48,40
Fortree Rival,Route 119,,Marshtomp,31,Mud Shot,Water Gun,Tackle,Take Down,85,59,45,44,55,36
Fortree Rival,Route 119,,Pelipper,29,Wing Attack,Protect,Supersonic,Mist,77,37,66,57,49,46
Guitarist Fabian,Route 119,,Manectric,26,Howl,Quick Attack,Spark,Odor Sleuth,72,39,36,64,36,59
Ninja Boy Yasu,Route 119,,Ninjask,26,Double Team,Fury Cutter,Screech,Swords Dance,67,56,25,31,31,88
Ninja Boy Hideo,Route 119,,Koffing,25,Tackle,Selfdestruct,Sludge,Smokescreen,55,37,57,35,27,19
Ninja Boy Hideo,Route 119,,Koffing,25,Tackle,Poison Gas,Sludge,Smokescreen,55,40,52,31,27,22
Parasol Lady Clarissa,Route 120,,Roselia,28,Stun Spore,Mega Drain,Leech Seed,Magical Leaf,66,41,27,61,49,41
Parasol Lady Clarissa,Route 120,,Wailmer,28,Rollout,Whirlpool,Astonish,Water Pulse,110,44,24,48,21,38
Bird Keeper Robert,Route 120,,Swablu,29,Sing,Fury Attack,Safeguard,Mist,65,28,39,28,43,37
Bird Keeper Humberto,Fortree Gym,,Skarmory,30,Swift,Agility,Fury Attack,Air Cutter,88,62,98,38,56,56
Bird Keeper Jared,Fortree Gym,,Doduo,27,Pursuit,Fury Attack,Tri Attack,Rage,59,59,32,24,27,48
Bird Keeper Jared,Fortree Gym,,Skarmory,27,Sand-Attack,Swift,Agility,Fury Attack,75,51,91,29,41,46
Bird Keeper Jared,Fortree Gym,,Tropius,27,Razor Leaf,Stomp,Sweet Scent,Whirlwind,93,44,53,47,55,35
Picknicker Ashley,Fortree Gym,,Swablu,27,Astonish,Sing,Fury Attack,Safeguard,64,29,40,29,48,35
Picknicker Ashley,Fortree Gym,,Swablu,27,Astonish,Sing,Fury Attack,Safeguard,64,26,44,29,48,35
Picknicker Ashley,Fortree Gym,,Swablu,27,Astonish,Sing,Fury Attack,Safeguard,64,26,40,29,48,38
Camper Flint,Fortree Gym,,Swellow,29,Wing Attack,Endeavor,Quick Attack,Double Team,79,59,45,35,42,82
Camper Flint,Fortree Gym,,Xatu,29,Night Shade,Peck,Leer,Teleport,81,58,50,65,45,65
Bird Keeper Edwardo,Fortree Gym,,Doduo,29,Tri Attack,Fury Attack,Rage,Pursuit,64,64,36,30,30,47
Bird Keeper Edwardo,Fortree Gym,,Pelipper,29,Wing Attack,Supersonic,Protect,Mist,79,39,68,64,45,47
Bird Keeper Darius,Fortree Gym,,Tropius,30,Razor Leaf,Stomp,Sweet Scent,Whirlwind,106,53,68,55,57,42
Leader Winona,Fortree Gym,,Swablu,29,Aerial Ace,Perish Song,Mirror Move,Safeguard,72,35,42,35,55,45
Leader Winona,Fortree Gym,,Tropius,29,Solarbeam,Aerial Ace,Sunny Day,Synthesis,103,51,66,48,62,41
Leader Winona,Fortree Gym,,Pelipper,30,Aerial Ace,Water Gun,Supersonic,Protect,83,37,72,63,59,51
Leader Winona,Fortree Gym,,Skarmory,31,Aerial Ace,Steel Wing,Fury Attack,Sand-Attack,89,55,99,37,61,56
Leader Winona,Fortree Gym,Feather Badge,Altaria,33,Earthquake,Aerial Ace,Dragonbreath,Dragon Dance,102,61,74,61,84,68
Bird Keeper Colin,Route 120,,Wingull,28,Water Gun,Supersonic,Wing Attack,Mist,60,21,23,35,18,52
Bird Keeper Colin,Route 120,,Natu,28,Peck,Leer,Night Shade,Teleport,60,33,33,44,30,39
Cooltrainer Leonel,Route 120,,Manectric,30,Thunder,Quick Attack,Thunder Wave,,85,47,44,71,48,71
Parasol Lady Angelica,Route 120,,Castform,30,Rain Dance,Weather Ball,Thunder,Water Pulse,83,48,52,43,48,48
Ninja Boy Riley,Route 120,,Nincada,28,Leech Life,Fury Swipes,Mind Reader,Dig,55,30,55,21,21,27
Ninja Boy Riley,Route 120,,Koffing,28,Tackle,Selfdestruct,Sludge,Smokescreen,60,41,63,38,30,21
Battle Girl Callie,Route 120,,Meditite,28,Detect,Hidden Power,Mind Reader,Calm Mind,54,27,35,27,35,38
Battle Girl Callie,Route 120,,Makuhita,28,Vital Throw,Fake Out,Whirlwind,Knock Off,78,38,18,16,21,20
Cooltrainer Jennifer,Route 120,,Sableye,30,Fury Attack,Fake Out,Detect,Faint Attack,77,51,57,51,51,46
Pokémon  Ranger Jenna,Route 120,,Lotad,28,Growl,Absorb,Nature Power,Mist,62,23,23,29,34,23
Pokémon  Ranger Jenna,Route 120,,Lombre,28,Absorb,Nature Power,Fake Out,Fury Swipes,73,34,30,40,45,37
Pokémon  Ranger Jenna,Route 120,,Nuzleaf,28,Growth,Nature Power,Fake Out,Torment,78,49,29,40,29,36
Pokémon  Ranger Lorenzo,Route 120,,Seedot,28,Harden,Growth,Nature Power,Synthesis,62,29,37,23,23,20
Pokémon  Ranger Lorenzo,Route 120,,Nuzleaf,28,Growth,Nature Power,Fake Out,Torment,78,45,26,40,31,40
Pokémon  Ranger Lorenzo,Route 120,,Lombre,28,Absorb,Nature Power,Fake Out,Fury Swipes,73,34,34,40,45,34
Bug Maniac Jeffrey,Route 120,,Surskit,27,Quick Attack,Sweet Scent,Water Sport,BubbleBeam,58,21,22,32,33,40
Bug Maniac Jeffrey,Route 120,,Surskit,27,Quick Attack,Sweet Scent,Water Sport,BubbleBeam,58,21,22,28,33,44
Bug Maniac Jeffrey,Route 120,,Surskit,27,Quick Attack,Sweet Scent,Water Sport,BubbleBeam,58,21,22,32,29,44
Ninja Boy Keigo,Route 120,,Koffing,28,Poison Gas,Selfdestruct,Sudge,Smokescreen,60,41,58,38,30,24
Ninja Boy Keigo,Route 120,,Ninjask,28,Sand-Attack,Double Team,Fury Cutter,Swords Dance,72,49,30,33,33,103
Ruin Maniac Chip,Route 120,,Baltoy,27,Psybeam,Selfdestruct,Sandstorm,AncientPower,60,28,36,28,44,36
Ruin Maniac Chip,Route 120,,Sandshrew,27,Dig,Slash,Sand-Attack,Poison Sting,65,51,52,17,22,25
Ruin Maniac Chip,Route 120,,Sandslash,27,Dig,Slash,Sand-Attack,Poison Sting,79,60,72,27,36,72
Bug Maniac Cale,Route 121,,Dustox,29,Protect,Moonlight,Psybeam,Whirlwind,73,30,45,37,57,42
Bug Maniac Cale,Route 121,,Beautifly,29,Stun Spore,Morning Sun,Mega Drain,Whirlwind,73,40,37,57,34,42
Hex Maniac Tammy,Route 121,,Duskull,29,Foresight,Astonish,Confuse Ray,Pursuit,50,28,57,24,51,19
Hex Maniac Tammy,Route 121,,Shuppet,29,Screech,Night Shade,Curse,Spite,64,48,25,36,26,31
Beauty Jessica,Route 121,,Kecleon,29,Bind,Lick,Fury Swipes,Faint Attack,73,51,49,39,74,28
Beauty Jessica,Route 121,,Seviper,29,Poison Tail,Screech,Glare,Crunch,81,63,39,63,35,46
Sr. and Jr. Kate & Joy,Route 121,,Spinda,30,Hypnosis,Psybeam,Dizzy Punch,Teeter Dance,76,41,41,41,41,41
Sr. and Jr. Kate & Joy,Route 121,,Slaking,32,Focus Punch,Yawn,Slack Off,Faint Attack,138,96,69,65,46,75
Pokémon  Breeder Pat,Route 121,,Poochyena,25,Bite,Odor Sleuth,Roar,Swagger,52,32,19,20,22,22
Pokémon  Breeder Pat,Route 121,,Shroomish,25,Stun Spore,Leech Seed,Mega Drain,Headbutt,65,27,35,25,31,22
Pokémon  Breeder Pat,Route 121,,Electrike,25,Howl,Quick Attack,Spark,Odor Sleuth,55,27,22,37,27,37
Pokémon  Breeder Myles,Route 121,,Makuhita,25,Arm Thrust,Vital Throw,Fake Out,Whirlwind,71,35,20,16,20,15
Pokémon  Breeder Myles,Route 121,,Wingull,25,Water Gun,Supersonic,Wing Attack,Mist,55,20,18,35,20,47
Pokémon  Breeder Myles,Route 121,,Tropius,25,Growth,Razor Leaf,Stomp,Sweet Scent,84,35,46,41,48,33
Gentlman Walter,Route 121,,Manectric,29,Howl,Quick Attack,Spark,Odor Sleuth,79,48,35,71,39,65
Pokefan Vanessa,Route 121,,Pikachu,30,Quick Attack,Double Team,Slam,Thunderbolt,61,38,23,38,26,59
Cooltrainer Marcel,Route 121,,Manectric,29,Howl,Quick Attack,Spark,Odor Sleuth,83,56,43,69,38,69
Cooltrainer Marcel,Route 121,,Shiftry,29,Pound,Harden,Growth,Nature Power,94,72,43,60,38,54
Cooltrainer Cristin,Route 121,,Loudred,29,Astonish,Howl,Supersonic,Stomp,91,44,33,49,36,36
Cooltrainer Cristin,Route 121,,Vigoroth,29,Encore,Uproar,Fury Swipes,Endure,88,54,48,40,44,60
PokeManiac Mark,Mt.Pyre,2F,Rhyhorn,31,Stomp,Fury Attack,Scary Face,Rock Blast,90,57,63,23,23,20
Hex Maniac Leah,Mt.Pyre,2F,Spoink,31,Psybeam,Psych Up,Confuse Ray,Magic Coat,78,18,26,52,54,42
Black Belt Zander,Mt.Pyre,2F,Hariyama,31,Vital Throw,Fake Out,Whirlwind,Knock Off,130,79,42,29,42,36
Young Couple Dez & Luke,Mt.Pyre,2F,Delcatty,31,Growl,Attract,Sing,Doubleslap,84,45,49,39,39,43
Young Couple Dez & Luke,Mt.Pyre,2F,Manectric,31,Quick Attack,Spark,Odor Sleuth,Roar,84,56,42,63,42,70
Psychic Kayla,Mt.Pyre,3F,Wobbuffet,26,Counter,Mirror Coat,Safeguard,Destiny Bond,134,22,35,24,31,22
Psychic Kayla,Mt.Pyre,3F,Natu,26,Peck,Leer,Night Shade,Teleport,56,31,28,41,28,41
Psychic Kayla,Mt.Pyre,3F,Kadabra,26,Disable,Psybeam,Reflect,Recover,56,23,20,73,36,59
Pokémon Breeder Gabrielle,Mt.Pyre,3F,Skitty,26,Sing,Doubleslap,Assist,Charm,62,25,28,23,23,34
Pokémon Breeder Gabrielle,Mt.Pyre,3F,Poochyena,26,Bite,Odor Sleuth,Roar,Swagger,54,33,20,20,20,25
Pokémon Breeder Gabrielle,Mt.Pyre,3F,Zigzagoon,26,Sand-Attack,Odor Sleuth,Mud Sport,Pin Missile,55,18,26,20,28,36
Psychic William,Mt.Pyre,3F,Ralts,26,Double Team,Teleport,Calm Mind,Psychic,50,18,18,28,25,22
Psychic William,Mt.Pyre,3F,Ralts,26,Double Team,Teleport,Calm Mind,Psychic,50,18,19,25,23,25
Psychic William,Mt.Pyre,3F,Kirlia,26,Double Team,Teleport,Calm Mind,Psychic,55,23,23,38,33,31
Hex Maniac Tasha,Mt.Pyre,4F,Shuppet,32,Night Shade,Curse,Spite,Will-O-Wisp,72,54,26,47,28,38
Black Belt Atsushi,Mt.Pyre,5F,Hariyama,32,Vital Throw,Fake Out,Whirlwind,Knock Off,138,85,47,34,42,44
Hex Maniac Valerie,Mt.Pyre,6F,Sableye,32,Fury Swipes,Fake Out,Detect,Faint Attack,74,47,53,50,46,37
Psychic Cedric,Mt.Pyre,6F,Wobbuffet,32,Destiny Bond,Safeguard,Mirror Coat,Counter,163,28,42,23,42,26
Team Aqua Grunt,Mt.Pyre,Outside,Carvanha,32,Scary Face,Crunch,Screech,Take Down,70,62,18,46,17,41
Team Aqua Grunt,Mt.Pyre,Outside,Zubat,32,Bite,Wing Attack,Confuse Ray,Air Cutter,67,33,24,24,33,40
Team Aqua Grunt,Mt.Pyre,Outside,Poochyena,30,Odor Sleuth,Roar,Swagger,Scary Face,61,41,26,23,23,23
Team Aqua Grunt,Mt.Pyre,Outside,Carvanha,30,Focus Energy,Scary Face,Crunch,Screech,67,59,17,39,18,44
Team Aqua Grunt,Mt.Pyre,Outside,Wailmer,30,Rollout,Whirlwind,Astonish,Water Pulse,118,51,26,42,26,41
Team Aqua Grunt,Mt.Pyre,Outside,Zubat,30,Astonish,Bite,Wing Attack,Confuse Ray,64,32,26,20,29,41
Psychic Cameron,Route 123,Cut,Solrock,31,Rock Throw,Fire Spin,Psywave,Cosmic Power,84,63,62,39,45,43
Ninja Boy Jonas,Route 123,,Koffing,31,Toxic,Thunder,Selfdestruct,Sludge Bomb,65,40,63,46,32,26
Parasol Lady Kayley,Route 123,,Castform,31,Sunny Day,Weather Ball,Flamethrower,Solarbeam,84,48,48,43,48,53
Hex Maniac Kindra,Route 123,,Duskull,30,Foresight,Astonish,Confuse Ray,Pursuit,52,26,59,23,64,20
Hex Maniac Kindra,Route 123,,Shuppet,30,Screech,Night Shade,Curse,Spite,66,50,26,42,24,32
Collector Ed,Route 123,,Zangoose,30,Swords Dance,Fury Cutter,Slash,Pursuit,83,74,41,41,41,59
Collector Ed,Route 123,,Seviper,30,Poison Tail,Screech,Glare,Crunch,83,65,41,65,41,44
Cooltrainer Wendy,Route 123,Grass,Mawile,29,Baton Pass,Faint Attack,Fake Tears,Bite,71,57,57,40,40,37
Cooltrainer Wendy,Route 123,Grass,Roselia,29,Mega Drain,Magical Leaf,Grasswhistle,Leech Seed,71,43,34,72,54,41
Cooltrainer Wendy,Route 123,Hop Down ONCE,Pelipper,29,Fly,Water Gun,Mist,Protect,77,37,72,51,49,46
Cooltrainer Braxton ,Route 123,Grass,Swellow,28,Focus Energy,Quick Attack,Wing Attack,Endeavour,74,60,41,32,36,78
Cooltrainer Braxton ,Route 123,Grass,Trapinch,28,Bite,Dig,Faint Attack,Sand Tomb,66,64,29,36,33,13
Cooltrainer Braxton ,Route 123,Grass,Wailmer,28,Rollout,Whirlpool,Astonish,Water Pulse,114,42,27,51,27,41
Cooltrainer Braxton ,Route 123,Grass,Magneton,28,Thunderbolt,Supersonic,Thunder Wave,Sonicboom,69,45,61,67,47,47
Cooltrainer Braxton ,Route 123,Hop Down ONCE,Shiftry,28,Giga Drain,Faint Attack,Double Team,Swagger,91,64,36,58,45,53
Guitarist Fernando,Route 123,,Electrike,30,Quick Attack,Spark,Odor Sleuth,Roar,64,32,29,39,31,44
Guitarist Fernando,Route 123,,Loudred,30,Astonish,Howl,Supersonic,Stomp,90,47,30,47,30,33
Bird Keeper Alberto,Route 123,,Pelipper,30,Wing Attack,Supersonic,Mist,Protect,76,35,58,56,51,44
Bird Keeper Alberto,Route 123,,Xatu,30,Peck,Leer,Night Shade,Teleport,79,50,47,62,47,62
Psychic Jacki,Route 123,Stay Low,Kadabra,30,Psybeam,Reflect,Recover,Future Sight,64,26,23,84,42,68
Psychic Jacki,Route 123,Stay Low,Lunatone,30,Confusion,Rock Throw,Hypnosis,Psywave,82,38,44,62,56,47
Expert Fredrick,Route 123,,Makuhita,30,Vital Throw,Fake Out,Whirlwind,Knock Off,86,39,26,22,26,23
Expert Fredrick,Route 123,,Machoke,30,Karate Chop,Seismic Toss,Foresight,Revenge,91,61,50,38,44,38
Twins Miu&Yuki,Route 123,,Beautifly,26,Gust,Stun Spore,Morning Sun,Mega Drain,67,41,31,51,27,41
Twins Miu&Yuki,Route 123,,Dustox,26,Gust,Protect,Moonlight,Psybeam,67,31,41,31,45,41
Aroma Lady Violet,Route 123,,Roselia,26,Stun Spore,Mega Drain,Leech Seed,Magical Leaf,62,36,28,57,46,38
Aroma Lady Violet,Route 123,,Gloom,26,Poisonpowder,Stun Spore,Sleep Powder,Acid,67,38,36,49,48,25
Bug Catcher Davis,Route 123,,Pinsir,27,Bind,Seismic Toss,Harden,Revenge,72,79,59,34,42,45
Cooltrainer Jazmyn,Route 123,,Absol,27,Quick Attack,Razor WInd,Bite,Swords Dance,72,75,37,45,37,45
Beauty Shirley,Mt. Chimney,Post-Team Magma,Numel,21,Growl,Tackle,Ember,Magnitude,56,33,21,28,23,19
Beauty Sheila,Mt. Chimney,Post-Team Magma,Shroomish,21,Tackle,Stun Spore,Leech Seed,Mega Drain,56,23,30,18,30,19
Expert Shelby,Mt. Chimney,Post-Team Magma,Meditite,21,Meditate,Confusion,Detect,Hidden Power,48,23,36,26,33,35
Expert Shelby,Mt. Chimney,Post-Team Magma,Makuhita,21,Sand-Attack,Arm Thrust,Vital Throw,Fake Out,66,35,24,18,19,20
Hiker Sawyer,Mt. Chimney,Post-Team Magma,Geodude,21,Mud Sport,Rock Throw,Magnitude,Selfdestruct,47,38,47,17,17,13
Beauty Melissa,Mt. Chimney,Post-Team Magma,Marill,21,Tail Whip,Water Gun,Rollout,BubbleBeam,60,13,23,13,26,23
Team Magma Grunt,Magma Hideout,1F,Poochyena,29,Odor Sleuth,Roar,Swagger,Scary Face,59,39,25,22,22,22
Team Magma Grunt,Magma Hideout,2F,Numel,29,Ember,Magnitude,Focus Energy,Take Down,73,39,25,46,31,25
Team Magma Grunt,Magma Hideout,2F,Mightyena,29,Bite,Odor Sleuth,Roar,Swagger,79,57,40,39,39,49
Team Magma Grunt,Magma Hideout,2F,Baltoy,28,Psybeam,Rock Tomb,Selfdestruct,AncientPower,60,27,35,29,44,31
Team Magma Grunt,Magma Hideout,2F,Numel,28,Tackle,Ember,Magnitude,Focus Energy,71,38,27,41,33,21
Team Magma Grunt,Magma Hideout,2F,Baltoy,28,Psybeam,Rock Tomb,Selfdestruct,AncientPower,60,27,35,29,44,31
Team Magma Grunt,Magma Hideout,2F,Zubat,28,Astonish,Bite,Wing Attack,Confuse Ray,60,33,24,21,27,31
Team Magma Grunt,Magma Hideout,2F (Room 2),Numel,29,Ember,Magnitude,Focus Energy,Take Down,73,39,28,42,31,25
Team Magma Grunt,Magma Hideout,2F (Room 2),Mightyena,29,Bite,Odor Sleuth,Roar,Swagger,79,62,45,39,39,40
Team Magma Grunt,Magma Hideout,2F (Room 2),Zubat,29,Astonish,Bite,Wing Attack,Confuse Ray,62,31,22,22,30,36
Team Magma Grunt,Magma Hideout,2F (Room 2),Poochyena,29,Odor Sleuth,Roar,Swagger,Scary Face,59,39,25,22,22,22
Team Magma Grunt,Magma Hideout,1F,Zubat,29,Astonish,Bite,Wing Attack,Confuse Ray,62,31,22,22,30,36
Team Magma Grunt,Magma Hideout,3F,Zubat,29,Astonish,Bite,Wing Attack,Confuse Ray,62,31,22,22,30,36
Team Magma Grunt,Magma Hideout,3F (Room 3),Mightyena,29,Bite,Odor Sleuth,Roar,Swagger,79,62,45,39,39,40
Team Magma Grunt,Magma Hideout,3F,Baltoy,29,Psybeam,Rock Tomb,Selfdestruct,AncientPower,62,30,31,28,45,36
Team Magma Grunt,Magma Hideout,4F,Baltoy,29,Psybeam,Rock Tomb,Selfdestruct,AncientPower,62,28,36,30,45,32
Team Magma Grunt,Magma Hideout,4F,Numel,29,Ember,Magnitude,Focus Energy,Take Down,73,39,25,46,31,25
Team Magma Grunt,Magma Hideout,4F,Zubat,29,Astonish,Bite,Wing Attack,Confuse Ray,62,31,22,22,30,36
Magma Admin Tabitha,Magma Hideout,4F,Numel,26,Magnitude,Ember,Tackle,Focus Energy,69,38,30,41,27,25
Magma Admin Tabitha,Magma Hideout,4F,Mightyena,28,Bite,Swagger,Roar,Odor Sleuth,79,57,46,41,41,46
Magma Admin Tabitha,Magma Hideout,4F,Zubat,30,Wing Attack,Bite,Astonish,Confuse Ray,66,34,25,25,34,40
Magma Admin Tabitha,Magma Hideout,4F,Camerupt,33,Rock Slide,Take Down,Amnesia,Focus Energy,92,73,59,77,51,34
Magma Leader Maxie,Magma Hideout,4F,Mightyena,37,Take Down,Swagger,Scary Face,Roar,105,78,69,56,50,63
Magma Leader Maxie,Magma Hideout,4F,Crobat,38,Air Cutter,Wing Attack,Bite,Confuse Ray,119,88,64,65,72,110
Magma Leader Maxie,Magma Hideout,4F,Camerupt,39,Earthquake,Rock Slide,Take Down,Amnesia,110,99,66,83,70,43
Lilycove Rival,Lilycove City,,Tropius,31,Stomp,Sweet Scent,Whirlwind,Magical Leaf,107,52,55,60,64,42
Lilycove Rival,Lilycove City,,Grovyle,34,Fury Cutter,Pursuit,Screech,Leaf Blade,86,62,38,70,57,77
Lilycove Rival,Lilycove City,,Combusken,34,Quick Attack,Double Kick,Ember,Scratch,85,70,42,64,47,43
Lilycove Rival,Lilycove City,,Marshtomp,34,Mud Sport,Water Gun,Tackle,Take Down,92,70,48,47,54,40
Lilycove Rival,Lilycove City,,Slugma,32,Ember,Rock Throw,Harden,Amnesia,73,32,36,55,36,25
Lilycove Rival,Lilycove City,,Pelipper,32,Wing Attack,Supersonic,Mist,Protect,86,37,81,65,55,52
Team Aqua Grunt,Aqua Hideout,1F,Poochyena,32,Odor Sleuth,Roar,Swagger,Scary Face,64,44,27,24,24,24
Team Aqua Grunt,Aqua Hideout,B1F West,Carvanha,32,Scary Face,Crunch,Screech,Take Down,70,62,15,50,17,46
Team Aqua Grunt,Aqua Hideout,B1F West,Zubat,31,Air Cutter,Wing Attack,Bite,Confuse Ray,65,32,23,23,31,39
Team Aqua Grunt,Aqua Hideout,B1F West,Carvanha,31,Crunch,Take Down,Scary Face,Screech,68,60,17,49,17,40
Team Aqua Grunt,Aqua Hideout,B1F West,Poochyena,31,Swagger,Roar,Scary Face,Odor Sleuth,62,39,23,23,23,28
Team Aqua Grunt,Aqua Hideout,B1F West,Zubat,31,Air Cutter,Wing Attack,Bite,Confuse Ray,65,32,23,23,31,39
Team Aqua Grunt,Aqua Hideout,B2F,Carvanha,32,Scary Face,Crunch,Screech,Take Down,70,62,18,46,17,41
Team Aqua Grunt,Aqua Hideout,The Worst Sentry,Zubat,32,Bite,Wing Attack,Confuse Ray,Air Cutter,67,33,24,24,33,40
Team Aqua Grunt,Aqua Hideout,B2F,Zubat,32,Air Cutter,Wing Attack,Bite,Confuse Ray,67,29,29,24,30,40
Team Aqua Grunt,Aqua Hideout,B2F,Carvanha,32,Crunch,Take Down,Scary Face,Screech,70,62,18,46,17,41
Aqua Admin Matt,Aqua Hideout,B2F,Mightyena,34,Swagger,Roar,Scary Face,Odor Sleuth,93,61,59,47,47,54
Aqua Admin Matt,Aqua Hideout,B2F,Golbat,34,Wing Attack,Bite,Astonish,Confuse Ray,97,61,54,51,58,68
Swimmer Grace,Route 124,,Marill,34,Water Gun,Rollout,Bubblebeam,Double-Edge,91,16,39,19,39,32
Swimmer Declan,Route 124,,Gyarados,34,Thrash,Bite,Dragon Rage,Leer,108,90,63,45,65,60
Swimmer Spencer,Route 124,,Tentacool,33,Constrict,Acid,Bubblebeam,Wrap,69,34,28,38,71,45
Swimmer Spencer,Route 124,,Wingull,33,Supersonic,Wing Attack,Mist,Quick Attack,69,24,24,45,21,61
Sis and Bro Lila & Roy,Route 124,,Chinchou,34,Flail,Water Gun,Spark,Confuse Ray,95,33,27,43,43,50
Sis and Bro Lila & Roy,Route 124,,Carvanha,33,Scary Face,Crunch,Screech,Take Down,72,64,16,47,19,47
Swimmer Jenny,Route 124,,Wailmer,34,Whirlpool,Astonish,Water Pulse,Mist,132,52,28,52,28,45
Swimmer Chad,Route 124,,Tentacool,33,Constrict,Acid,Bubblebeam,Wrap,69,27,28,38,78,51
Swimmer Chad,Route 124,,Wailmer,33,Whirlpool,Astonish,Water Pulse,Mist,128,56,28,45,28,44
Triathlete Isabella,Route 124,,Staryu,34,Camouflage,Swift,Bubblebeam,Minimize,64,35,46,52,37,62
Swimmer Roland,Route 124,,Carvanha,34,Scary Face,Crunch,Screech,Take Down,74,72,18,49,18,44
Sailor Ernest ,Route 125,,Wingull,33,Supersonic,Wing Attack,Mist,Quick Attack,69,24,24,41,24,61
Sailor Ernest ,Route 125,,Machoke,33,Seismic Toss,Foresight,Revenge,Vital Throw,95,71,51,34,48,34
Swimmer Nolen,Route 125,,Tentacruel,34,Constrict,Acid,Bubblebeam,Wrap,98,52,49,59,86,73
Sr. and Jr. Kim & Iris,Route 125,,Swablu,32,Sing,Fury Attack,Safeguard,Aerial Ace,70,33,43,30,53,33
Sr. and Jr. Kim & Iris,Route 125,,Numel,35,Flamethrower,Take Down,Rest,Earthquake,87,47,36,50,36,26
Swimmer Tanya,Route 125,,Luvdisc,34,Water Gun,Agility,Take Down,Attract,73,25,42,32,49,70
Swimmer Stan,Route 125,,Horsea,34,Smokescreen,Leer,Water Gun,Twister,64,32,46,57,22,45
Bird Keeper Presley,Route 125,,Tropius,33,Stomp,Sweet Scent,Whirlwind,Magical Leaf,108,49,59,52,62,38
Bird Keeper Presley,Route 125,,Xatu,33,Peck,Leer,Night Shade,Teleport,85,48,51,73,51,67
Expert Auron,Route 125,,Manectric,33,Quick Attack,Spark,Odor Sleuth,Roar,89,48,44,81,44,74
Expert Auron,Route 125,,Machamp,33,Seismic Toss,Foresight,Revenge,Vital Throw,102,99,51,47,61,41
Swimmer Sharon,Route 125,,Seaking,34,Supersonic,Horn Attack,Flail,Fury Attack,98,67,49,49,59,51
Psychic Preston,Mossdeep Gym,Southwest Room,Kirlia,36,Teleport,Calm Mind,Psychic,Imprison,77,34,30,56,52,45
Psychic Maura,Mossdeep Gym,Southwest Room,Kadabra,36,Recover,Future Sight,Role Play,Psychic,79,34,30,95,53,92
Psychic Samantha,Mossdeep Gym,West-Cental Room,Xatu,36,Night Shade,Teleport,Wish,Future Sight,97,56,59,77,64,77
Psychic Blake,Mossdeep Gym,West-Cental Room,Girafarig,36,Confusion,Stomp,Odor Sleuth,Agility,100,72,56,74,56,63
Hex Maniac Kathleen,Mossdeep Gym,Southeast Room,Kadabra,36,Recover,Future Sight,Role Play,Psychic,79,34,30,104,53,84
Psychic Nicholas,Mossdeep Gym,Southeast Room,Wobbuffet,36,Counter,Mirror Coat,Safeguard,Destiny Bond,182,28,46,30,41,28
Psychic Macey,Mossdeep Gym,Southeast Room,Natu,36,Night Shade,Teleport,Wish,Future Sight,74,41,40,55,37,49
Gentleman Clifford,Mossdeep Gym,Southeast Room,Girafarig,36,Confusion,Stomp,Odor Sleuth,Agility,96,68,51,69,51,59
Gentleman Nate,Mossdeep Gym,Northwest Room,Spoink,36,Psych Up,Confuse Ray,Magic Coat,Psychic,93,24,34,64,66,52
Psychic Virgil,Mossdeep Gym,Northwest Room,Ralts,36,Calm Mind,Psychic,Imprison,Future Sight,70,27,27,45,30,38
Hex Maniac Sylvia,Mossdeep Gym,Northwest Room,Meditite,36,Hidden Power,Mind Reader,Calm Mind,Hi Jump Kick,71,38,52,38,48,46
Psychic Hannah,Mossdeep Gym,Northwest Room,Kirlia,36,Teleport,Calm Mind,Psychic,Imprison,77,34,34,50,52,45
Leader Tate&Liza,Mossdeep Gym,,Claydol,41,Earthquake,Ancientpower,Psychic,Light Screen,112,74,113,74,103,78
Leader Tate&Liza,Mossdeep Gym,,Xatu,41,Psychic,Sunny Day,Confuse Ray,Calm Mind,116,78,74,95,74,95
Leader Tate&Liza,Mossdeep Gym,,Lunatone,42,Psychic,Hypnosis,Calm Mind,Light Screen,123,63,79,87,89,76
Leader Tate&Liza,Mossdeep Gym,Mind Badge,Solrock,42,Solarbeam,Psychic,Flamethrower,Sunny Day,123,87,89,69,72,76
Team Magma Grunt,Space Center,1F,Zubat,31,Bite,Wing Attack,Confuse Ray,Air Cutter,65,28,28,23,29,39
Team Magma Grunt,Space Center,1F,Poochyena,31,Odor Sleuth,Roar,Swagger,Scary Face,62,39,23,23,25,26
Team Magma Grunt,Space Center,1F,Numel,32,Magnitude,Focus Energy,Take Down,Amnesia,80,43,27,50,33,27
Team Magma Grunt,Space Center,1F,Baltoy,32,Selfdestruct,Ancientpower,Rock Tomb,Sandstorm,67,30,40,33,49,36
Team Magma Grunt ,Space Center,1F,Mightyena,26,Bite,Sand-Attack,Roar,Odor Sleuth,72,56,41,36,36,36
Team Magma Grunt ,Space Center,1F,Mightyena,28,Bite,Swagger,Roar,Odor Sleuth,77,55,44,38,38,44
Team Magma Grunt ,Space Center,1F,Numel,30,Magnitude,Take Down,Ember,Focus Energy,76,41,29,39,35,26
Team Magma Grunt,Space Center,2F,Zubat,32,Air Cutter,Wing Attack,Bite,Confuse Ray,67,33,24,24,33,40
Team Magma Grunt,Space Center,2F,Mightyena,32,Swagger,Scary Face,Roar,Odor Sleuth,86,68,49,43,43,44
Team Magma Grunt,Space Center,2F,Baltoy,32,Selfdestruct,Ancientpower,Rock Tomb,Sandstorm,67,30,40,33,49,36
Magma Admin Tabitha,Space Center,2F,Camerupt,36,Rock Slide,Take Down,Amnesia,Focus Energy,100,81,59,84,63,38
Magma Admin Tabitha,Space Center,(Tabitha's),Mightyena,38,Take Down,Swagger,Scary Face,Taunt,105,77,68,49,55,62
Magma Admin Tabitha,Space Center,(Tabitha's),Golbat,40,Air Cutter,Wing Attack,Bite,Confuse Ray,114,73,65,61,69,81
Magma Leader Maxie,Space Center,2F,Mightyena,42,Take Down,Swagger,Roar,Scary Face,105,77,68,49,55,62
Magma Leader Maxie,Space Center,(Maxie's),Camerupt,44,Earthquake,Take Down,Rock Slide,Amnesia,123,110,74,94,78,48
Magma Leader Maxie,Space Center,(Maxie's),Crobat,43,Air Cutter,Wing Attack,Confuse Ray,Mean Look,133,99,72,72,81,124
Bird Keeper Aidan,Route 127,Left Side Island,Swellow,32,Quick Attack,Wing Attack,Double Team,Endeavour,80,59,43,37,37,85
Bird Keeper Aidan,Route 127,Left Side Island,Skarmory,32,Agility,Fury Attack,Air Cutter,Steel Wing,83,56,103,27,49,49
Cooltrainer Athena,Route 127,Left Side Island,Manectric,32,Thunder,Thunder Wave,Quick Attack,,90,50,47,76,51,76
Cooltrainer Athena,Route 127,Left Side Island,Linoone,32,Surf,Thief,,,95,58,42,40,47,72
Swimmer Leonardo,Route 126,North,Carvanha,34,Scary Face,Crunch,Screech,Take Down,74,72,18,49,16,49
Triathlete Isobel,Route 126,North,Staryu,34,Camouflage,Swift,Bubblebeam,Minimize,64,35,46,46,42,62
Swimmer Dean,Route 126,Center North,Carvanha,31,Scary Face,Crunch,Screech,Take Down,68,54,18,45,17,45
Swimmer Dean,Route 126,Center North,Wingull,31,Supersonic,Wing Attack,Mist,Quick Attack,65,23,23,35,23,62
Swimmer Dean,Route 126,Center North,Carvanha,31,Scary Face,Crunch,Screech,Take Down,68,60,18,45,17,40
Swimmer Nikki,Route 126,Center Right,Marill,33,Water Gun,Rollout,Bubblebeam,Double-Edge,89,16,38,18,38,34
Swimmer Nikki,Route 126,Center Right,Spheal,33,Ice Ball,Body Slam,Aurora Beam,Hail,89,34,34,41,38,21
Swimmer Barry,Route 126,Center South,Gyarados,34,Thrash,Bite,Dragon Rage,Leer,108,90,58,45,73,60
Swimmer Sienna,Route 126,Left South,Luvdisc,33,Water Gun,Agility,Take Down,Attract,71,21,41,34,47,69
Swimmer Sienna,Route 126,Left South,Luvdisc,33,Water Gun,Agility,Take Down,Attract,71,21,41,31,47,75
Triathlete Pablo,Route 126,Left South,Staryu,33,Camouflage,Swift,Bubblebeam,Minimize,62,34,41,51,41,61
Triathlete Pablo,Route 126,Left South,Staryu,33,Camouflage,Swift,Bubblebeam,Minimize,62,34,41,45,41,67
Swimmer Brenda,Route 126,Dive to Left Corner,Goldeen,34,Supersonic,Horn Attack,Flail,Fury Attack,74,50,45,28,35,51
Triathlete Donny,Route 127,Left Side Surf,Wingull,26,Water Gun,Supersonic,Wing Attack,Mist,56,20,22,33,20,44
Triathlete Donny,Route 127,Left Side Surf,Staryu,34,Camouflage,Swift,Bubblebeam,Minimize,70,42,48,59,43,75
Cooltrainer Alexa ,Route 128,,Gloom,34,Poisonpowder,Stun Spore,Sleep Powder,Acid,88,47,56,66,60,39
Cooltrainer Alexa ,Route 128,,Azumarill,34,Water Gun,Rollout,Bubblebeam,Double-Edge,116,38,63,43,69,43
Trialthete Isaiah,Route 128,South of SC,Staryu,35,Camouflage,Swift,Bubblebeam,Minimize,66,36,47,54,38,64
Team Aqua Grunt,Seafloor Cavern,Entrance Center,Poochyena,36,Roar,Swagger,Scary Face,Take Down,71,48,30,26,26,27
Team Aqua Grunt,Seafloor Cavern,Entrance Right,Carvanha,36,Scary Face,Crunch,Screech,Take Down,78,69,20,51,19,45
Team Aqua Grunt,Seafloor Cavern,See Maps,Zubat,36,Wing Attack,Confuse Ray,Air Cutter,Mean Look,74,37,27,26,36,44
Team Aqua Grunt,Seafloor Cavern,See Maps,Carvanha,36,Scary Face,Crunch,Screech,Take Down,78,69,17,56,19,51
Team Aqua Grunt,Seafloor Cavern,Room 7,Mightyena,35,Odor Sleuth,Roar,Swagger,Scary Face,96,77,56,49,49,50
Team Aqua Grunt,Seafloor Cavern,Room 7,Golbat,35,Bite,Wing Attack,Confuse Ray,Air Cutter,99,63,56,52,59,70
Aqua Admin Shelly,Seafloor Cavern,Room 7,Sharpedo,37,Scary Face,Crunch,Screech,Slash,103,98,35,79,42,79
Aqua Admin Shelly,Seafloor Cavern,Room 7,Mightyena,37,Roar,Swagger,Scary Face,Take Down,103,76,67,53,47,61
Aqua Leader Archie ,Seafloor Cavern,Deepest Room,Mightyena,41,Take Down,Swagger,Roar,Scary Face,115,94,69,61,61,62
Aqua Leader Archie ,Seafloor Cavern,Deepest Room,Crobat,41,Air Cutter,Wing Attack,Bite,Confuse Ray,128,86,77,69,77,118
Aqua Leader Archie ,Seafloor Cavern,Deepest Room,Sharpedo,43,Slash,Swagger,Taunt,Screech,120,115,42,103,47,94
Swimmer Reed ,Route 129,Center,Spheal,33,Ice Ball,Body Slam,Aurora Beam,Hail,89,34,38,41,34,21
Swimmer Reed ,Route 129,Center,Sharpedo,33,Scary Face,Crunch,Screech,Slash,89,92,31,67,27,67
Triathlete Chase ,Route 129,,Wingull,26,Water Gun,Supersonic,Wing Attack,Mist,56,20,22,33,20,44
Triathlete Chase ,Route 129,,Staryu,34,Camouflage,Swift,Bubblebeam,Minimize,67,38,45,49,49,65
Triathlete Allison ,Route 129,,Wingull,27,Water Gun,Supersonic,Wing Attack,Mist,58,21,21,34,21,50
Triathlete Allison ,Route 129,,Staryu,33,Camouflage,Swift,Bubblebeam,Minimize,72,44,50,54,55,70
Swimmer Clarence,Route 129,,Sharpedo,34,Scary Face,Crunch,Screech,Slash,91,86,32,69,32,69
Swimmer Tisha,Route 129,,Chinchou,34,Flail,Water Gun,Spark,Confuse Ray,95,30,30,43,43,50
Swimmer Rodney,Route 130,,Gyarados,34,Thrash,Bite,Dragon Rage,Leer,108,90,52,45,73,66
Swimmer Katie,Route 130,,Goldeen,33,Supersonic,Horn Attack,Flail,Fury Attack,72,44,44,28,38,50
Swimmer Katie,Route 130,,Spheal,33,Ice Ball,Body Slam,Aurora Beam,Hail,89,34,38,36,38,21
Swimmer Santiago,Route 130,,Tentacruel,33,Constrict,Acid,Bubblebeam,Wrap,95,56,47,57,75,71
Swimmer Santiago,Route 130,,Wailmer,33,Whirlpool,Astonish,Water Pulse,Mist,128,51,25,51,30,44
Swimmer Kevin,Route 131,,Spheal,34,Ice Ball,Body Slam,Aurora Beam,Hail,91,32,39,46,35,22
Triathlete Taila,Route 131,,Staryu,34,Camouflage,Swift,Bubblebeam,Minimize,64,38,42,46,42,62
Swimmer Richard,Route 131,,Pelipper,34,Mist,Protect,Stockpile,Swallow,84,39,73,62,52,49
Swimmer Kara,Route 131,,Seaking,34,Supersonic,Horn Attack,Flail,Fury Attack,98,73,49,44,59,51
Swimmer Susie,Route 131,,Luvdisc,34,Water Gun,Agility,Take Down,Attract,73,22,42,35,49,70
Fisherman Ronald,Route 132,Bottom-Mid Route,Magikarp,19,Splash,Tackle,,,36,8,25,10,12,35
Fisherman Ronald,Route 132,Bottom-Mid Route,Gyarados,21,Thrash,Bite,,,70,57,38,27,51,39
Fisherman Ronald,Route 132,Bottom-Mid Route,Gyarados,23,Thrash,Bite,,,76,62,36,32,56,42
Fisherman Ronald,Route 132,Bottom-Mid Route,Gyarados,26,Thrash,Bite,Dragon Rage,,85,70,46,39,51,47
Fisherman Ronald,Route 132,Bottom-Mid Route,Gyarados,30,Thrash,Bite,Dragon Rage,Leer,97,80,52,45,65,47
Fisherman Ronald,Route 132,Bottom-Mid Route,Gyarados,35,Bite,Dragon Rage,Leer,Twister,111,82,60,51,75,61
Expert Paxton,Route 132,,Swellow,33,Quick Attack,Wing Attack,Double Team,Endeavour,82,61,44,34,38,95
Expert Paxton,Route 132,,Breloom,33,Mega Drain,Headbutt,Mach Punch,Counter,82,90,51,48,44,51
Cooltrainer Darcy,Route 132,,Pelipper,33,Mist,Protect,Stockpile,Swallow,82,38,63,67,51,47
Cooltrainer Darcy,Route 132,,Camerupt,33,Focus Energy,Take Down,Amnesia,Rock Slide,89,71,51,74,54,31
Expert Makayla,Route 132,,Roselia,33,Leech Seed,Magical Leaf,Grasswhistle,Giga Drain,76,48,34,71,57,42
Expert Makayla,Route 132,,Medicham,33,Hidden Power,Mind Reader,Calm Mind,Hi Jump Kick,82,44,54,44,54,57
Cooltrainer Jonathan,Route 132,,Kecleon,33,Fury Swipes,Psybeam,Screech,Slash,82,64,51,44,75,34
Cooltrainer Jonathan,Route 132,,Loudred,33,Astonish,Howl,Supersonic,Stomp,98,56,29,51,33,36
Cooltrainer Warren ,Route 133,,Graveler,33,Rock Throw,Magnitude,Selfdestruct,Rollout,83,71,84,38,38,32
Cooltrainer Warren ,Route 133,Fly To Pacifidlog,Ludicolo,33,Astonish,Growl,Absorb,Nature Power,99,55,55,68,74,55
Swimmer Debra,Route 133,Bottom Path,Seaking,34,Supersonic,Horn Attack,Flail,Fury Attack,98,67,49,44,59,56
Swimmer Franklin,Route 133,,Sealeo,34,Ice Ball,Body Slam,Aurora Beam,Hail,105,45,52,56,52,35
Dragon Tamer Aaron,Route 134,,Bagon,34,Dragon Breath,Headbutt,Focus Energy,Ember,85,66,56,42,35,49
Cooltrainer Marley,Route 134,,Manectric,34,Bite,Roar,Thunder Wave,Thunderbolt,102,59,56,86,61,86
Bird Keeper Alex,Route 134,,Natu,33,Night Shade,Teleport,Wish,Future Sight,75,47,40,57,40,51
Bird Keeper Alex,Route 134,,Swellow,33,Quick Attack,Wing Attack,Double Team,Endeavour,88,67,55,43,38,93
Sailor Kelvin,Route 134,,Machoke,33,Seismic Toss,Foresight,Revenge,Vital Throw,101,76,57,43,50,40
Sailor Kelvin,Route 134,Fly To Pacifidlog,Spheal,33,Ice Ball,Body Slam,Aurora Beam,Hail,95,37,43,47,38,29
Black Belt Kiyo,Route 132,Top-Mid Path,Hariyama,34,Fake Out,Whirlwind,Knock Off,Smellingsalt,146,90,49,39,44,43
Expert Conor,Route 133,,Chinchou,33,Flail,Water Gun,Spark,Confuse Ray,92,27,30,41,45,49
Expert Conor,Route 133,,Hariyama,33,Fake Out,Whirlwind,Knock Off,Smellingsalt,145,92,52,39,52,45
Expert Mollie,Route 133,,Whiscash,33,Magnitude,Amnesia,Rest,Snore,115,50,58,55,51,44
Expert Mollie,Route 133,,Meditite,33,Hidden Power,Mind Reader,Calm Mind,Hi Jump Kick,70,35,49,39,49,57
Bird Keeper Beck,Route 133,,Tropius,34,Stomp,Sweet Scent,Whirlwind,Magical Leaf,111,51,54,53,70,39
Sailor Hudson,Route 134,Fly to Pacifidlog,Wailmer,34,Whirlpool,Astonish,Water Pulse,Mist,132,52,25,57,28,45
Swimmer Gilbert,Route 132,Top Path,Sharpedo,34,Scary Face,Crunch,Screech,Slash,91,77,35,69,32,69
Swimmer Dana,Route 132,,Azumarill,34,Water Gun,Rollout,Bubblebeam,Double-Edge,112,42,53,39,59,39
Swimmer Linda,Route 133,,Horsea,33,Smokescreen,Leer,Water Gun,Twister,62,31,56,51,21,39
Swimmer Linda,Route 133,,Seadra,33,Smokescreen,Leer,Water Gun,Twister,79,47,60,67,34,67
Swimmer Laurel ,Route 134,,Luvdisc,33,Water Gun,Agility,Take Down,Attract,71,24,45,31,47,62
Swimmer Laurel ,Route 134,,Luvdisc,33,Water Gun,Agility,Take Down,Attract,71,24,41,34,42,69
Swimmer Jack,Route 134,,Gyarados,34,Thrash,Bite,Dragon Rage,Leer,108,90,58,45,73,60
Black Belt Hitoshi,Route 134,,Machop,32,Seismic Toss,Foresight,Revenge,Vital Throw,88,58,41,26,29,29
Black Belt Hitoshi,Route 134,,Machoke,32,Karate Chop,Seismic Toss,Foresight,Revenge,100,76,51,44,56,41
Batle Girl Reyna,Route 134,,Meditite,33,Hidden Power,Mind Reader,Calm Mind,Hi Jump Kick,64,33,38,36,43,46
Batle Girl Reyna,Route 134,Fly to Sootopolis,Hariyama,33,Fake Out,Whirlwind,Knock Off,Smellingsalt,145,92,57,35,52,45
Sis and Bro Reli & Ian,Route 131,Origin Cave,Azumarill,35,Water Gun,Rollout,Bubblebeam,Double-Edge,115,36,61,44,61,40
Sis and Bro Reli & Ian,Route 131,Fly to Pacifidlog,Wingull,33,Supersonic,Wing Attack,Mist,Quick Attack,69,21,26,41,24,61
Swimmer Herman,Route 131,,Wingull,33,Supersonic,Wing Attack,Mist,Quick Attack,69,24,21,41,24,67
Swimmer Herman,Route 131,Quaza Jesus Seq.,Tentacruel,33,Constrict,Acid,Bubblebeam,Wrap,95,45,47,57,84,78
Beauty Tiffany,Sootopolis Gym,Left First,Carvanha,39,Crunch,Screech,Take Down,Swagger,88,86,25,60,22,60
Beauty Tiffany,Sootopolis Gym,Left First,Sharpedo,39,Crunch,Screech,Slash,Taunt,108,103,36,83,44,83
Lass Crissy,Sootopolis Gym,,Goldeen,39,Horn Attack,Flail,Fury Attack,Waterfall,88,61,61,32,48,58
Lass Crissy,Sootopolis Gym,,Wailmer,39,Astonish,Water Pulse,Mist,Rest,155,57,36,64,36,61
Lady Brianna,Sootopolis Gym,Right Second,Seaking,40,Supersonic,Horn Attack,Flail,Fury Attack,121,85,64,70,68,66
Beauty Bridget,Sootopolis Gym,,Azumarill,40,Water Gun,Rollout,Bubblebeam,Double-Edge,137,52,76,57,68,52
Pokefan Bethany,Sootopolis Gym,Center Third,Azurill,35,Tail Whip,Bubble,Slam,Water Gun,84,23,37,20,37,25
Pokefan Bethany,Sootopolis Gym,Center Third,Marill,37,Rollout,Bubblebeam,Double-Edge,Rain Dance,103,24,41,24,46,42
Pokefan Bethany,Sootopolis Gym,Center Third,Azumarill,39,Water Gun,Rollout,Bubblebeam,Double-Edge,131,43,72,48,79,48
Beauty Olivia,Sootopolis Gym,,Clamperl,35,Iron Defense,Whirlpool,Rain Dance,Water Pulse,73,54,74,61,47,27
Beauty Olivia,Sootopolis Gym,,Corphish,37,Taunt,Crabhammer,Water Pulse,,83,61,57,50,35,35
Beauty Olivia,Sootopolis Gym,,Lombre,39,Uproar,Fury Swipes,Fake Out,Water Pulse,100,43,52,56,64,48
Lady Daphne,Sootopolis Gym,,Luvdisc,39,Attract,Sweet Kiss,Flail,Water Pulse,87,33,52,40,60,85
Lady Daphne,Sootopolis Gym,,Luvdisc,39,Attract,Safeguard,Take Down,Water Pulse,87,33,52,44,60,76
Pokefan Annika,Sootopolis Gym,,Feebas,39,Flail,Water Pulse,Return,Attract,69,18,25,18,52,72
Pokefan Annika,Sootopolis Gym,,Feebas,39,Flail,Water Pulse,Return,Attract,69,18,25,17,52,79
Lass Andrea,Sootopolis Gym,,Luvdisc,40,Take Down,Attract,Sweet Kiss,Flail,89,36,47,41,61,87
Beauty Connie,Sootopolis Gym,,Goldeen,40,Horn Attack,Flail,Fury Attack,Waterfall,90,56,57,37,49,66
Leader Juan,Sootopolis Gym,,Luvdisc,41,Water Pulse,Flail,Sweet Kiss,Attract,96,42,59,42,68,94
Leader Juan,Sootopolis Gym,,Kingdra,46,Ice Beam,Water Pulse,Double Team,Rest,138,106,106,106,95,106
Leader Juan,Sootopolis Gym,,Sealeo,43,Aurora Beam,Water Pulse,Body Slam,Encore,140,66,75,79,67,59
Leader Juan,Sootopolis Gym,,Whiscash,41,Water Pulse,Earthquake,Rain Dance,Amnesia,151,78,66,77,73,70
Leader Juan,Sootopolis Gym,,Crawdaunt,43,Crabhammer,Water Pulse,Taunt,Leer,117,129,88,82,62,62
Fisherman Jonah,Route 127,Far Right Island,Wailmer,30,Rollout,Whirlpool,Astonish,Water Pulse,118,51,26,47,26,36
Fisherman Jonah,Route 127,Far Right Island,Tentacool,31,Constrict,Acid,Bubblebeam,Wrap,65,29,26,39,60,48
Fisherman Jonah,Route 127,Far Right Island,Sharpedo,32,Focus Energy,Scary Face,Crunch,Screech,86,81,30,65,30,65
Fisherman Henry,Route 127,Far Right Island,Carvanha,31,Scary Face,Crunch,Screech,Take Down,68,60,17,45,18,40
Fisherman Henry,Route 127,Far Right Island,Tentacruel,34,Constrict,Acid,Bubblebeam,Wrap,98,52,44,59,94,73
Fisherman Roger ,Route 127,Far Right Island,Magikarp,15,Splash,Tackle,,,31,8,21,8,11,29
Fisherman Roger ,Route 127,Far Right Island,Magikarp,25,Splash,Tackle,,,45,9,32,12,16,45
Fisherman Roger ,Route 127,Far Right Island,Gyarados,35,Bite,Dragon Rage,Leer,Twister,111,92,54,47,82,61
Triathlete Camden,Route 127,,Staryu,33,Camouflage,Swift,Bubblebeam,Minimize,62,34,41,56,41,54
Triathlete Camden,Route 127,,Staryu,33,Camouflage,Swift,Bubblebeam,Minimize,62,34,41,45,45,61
Black Belt Koji,Route 127,Giant Island South,Machoke,34,Seismic Toss,Foresight,Revenge,Vital Throw,98,73,52,39,45,35
Cooltrainer Ruben ,Route 128,,Shiftry,34,Pound,Harden,Growth,Nature Power,109,77,49,70,49,63
Cooltrainer Ruben ,Route 128,,Nosepass,34,Block,Thunder Wave,Rock Slide,Sandstorm,68,39,110,39,63,29
Fisherman Wayne ,Route 128,Island Near EGC,Tentacool,31,Constrict,Acid,Bubblebeam,Wrap,65,29,26,32,73,48
Fisherman Wayne ,Route 128,Island Near EGC,Tentacool,31,Constrict,Acid,Bubblebeam,Wrap,65,26,26,36,67,52
Fisherman Wayne ,Route 128,Island Near EGC,Wailmer,36,Whirlpool,Astonish,Water Pulse,Mist,139,55,27,55,33,48
Trialthete Katelyn,Route 128,Right Center,Staryu,35,Camouflage,Swift,Bubblebeam,Minimize,66,32,47,54,43,64
Swimmer Carlee,Route 128,Route to EGC,Seaking,35,Supersonic,Horn Attack,Flail,Fury Attack,101,69,50,45,61,57
Swimmer Harrison,Route 128,Route to EGC,Tentacruel,35,Constrict,Acid,Bubblebeam,Wrap,101,54,50,61,89,75
Cooltrainer Albert,Victory Road,1F,Magneton,43,Sonicboom,Thunder Wave,Spark,Lock-On,101,61,91,124,70,63
Cooltrainer Albert,Victory Road,1F,Muk,43,Sludge,Minimize,Screech,Acid Armor,148,110,74,66,86,53
PKMN Trainer Wally ,Victory Road,1F,Altaria,44,Dragonbreath,Aerial Ace,Dragon Dance,Safeguard,127,74,92,66,105,91
PKMN Trainer Wally ,Victory Road,1F,Delcatty,43,Faint Attack,Sing,Charm,Assist,120,68,68,60,60,72
PKMN Trainer Wally ,Victory Road,1F,Magneton,41,Tri Attack,Thunderbolt,Supersonic,Screech,99,61,99,99,69,69
PKMN Trainer Wally ,Victory Road,1F,Roselia,44,Magical Leaf,Giga Drain,Leech Seed,Toxic,105,71,52,90,83,70
PKMN Trainer Wally ,Victory Road,1F,Gardevoir,45,Psychic,Future Sight,Double Team,Calm Mind,129,77,77,131,109,99
Cooltrainer Hope,Victory Road,1F,Roselia,45,Giga Drain,Ingrain,Sweet Scent,Toxic,105,64,55,100,73,68
Cooltrainer Shannon,Victory Road,B1F,Claydol,45,Hyper Beam,Ancientpower,Cosmic Power,Sandstorm,114,73,93,73,118,84
Cooltrainer Samuel,Victory Road,B1F,Swellow,42,Wing Attack,Double Team,Endeavour,Aerial Ace,107,81,60,52,52,115
Cooltrainer Samuel,Victory Road,B1F,Mawile,42,Faint Attack,Baton Pass,Crunch,Iron Defense,99,72,81,56,61,52
Cooltrainer Samuel,Victory Road,B1F,Kadabra,42,Recover,Future Sight,Role Play,Psychic,90,39,38,110,68,88
Cooltrainer Julie,Victory Road,B2F,Sandslash,42,Slash,Swift,Fury Swipes,Poison Sting,120,94,102,47,56,64
Cooltrainer Julie,Victory Road,B2F,Ninetales,42,Ember,Quick Attack,Confuse Ray,Safeguard,118,80,73,70,94,94
Cooltrainer Julie,Victory Road,B2F,Tropius,42,Solarbeam,Magical Leaf,Body Slam,Whirlwind,140,60,79,70,91,52
Cooltrainer Owen ,Victory Road,B2F,Kecleon,42,Psybeam,Screech,Slash,Substitute,107,85,68,66,99,43
Cooltrainer Owen ,Victory Road,B2F,Graveler,42,Magnitude,Selfdestruct,Rollout,Rock Blast,103,89,106,47,47,39
Cooltrainer Owen ,Victory Road,B2F,Wailord,42,Astonish,Water Pulse,Mist,Rest,199,85,42,93,47,60
Cooltrainer Dianne,Victory Road,B2F,Claydol,43,Skill Swap,Earthquake,,,104,65,95,71,108,62
Cooltrainer Dianne,Victory Road,B2F,Lanturn,43,Thunderbolt,Earthquake,,,160,54,59,70,70,55
Cooltrainer Felix,Victory Road,B2F,Medicham,43,Psychic,,,,104,56,62,73,61,69
Cooltrainer Felix,Victory Road,B2F,Claydol,43,Skill Swap,Earthquake,,,104,71,85,65,108,69
Cooltrainer Caroline,Victory Road,B2F,Skarmory,43,Fury Attack,Air Cutter,Steeel Wing,Spikes,114,78,143,39,70,70
Cooltrainer Caroline,Victory Road,B2F,Sableye,43,Faint Attack,Knock Off,Confuse Ray,Shadow Ball,101,74,74,66,66,53
Cooltrainer Vito ,Victory Road,B2F,Dodrio,42,Fury Attack,Tri Attack,Rage,Uproar,107,102,74,60,60,84
Cooltrainer Vito ,Victory Road,B2F,Kadabra,42,Recover,Future Sight,Role Play,Psychic,90,39,38,110,68,88
Cooltrainer Vito ,Victory Road,B2F,Electrode,42,Spark,Selfdestruct,Rollout,Light Screen,107,52,74,69,77,127
Cooltrainer Vito ,Victory Road,B2F,Shiftry,42,Pound,Harden,Growth,Nature Power,132,84,60,85,60,84
Cooltrainer Mitchell,Victory Road,B2F,Lunatone,43,Explosion,Reflect,Light Screen,Psychic,113,52,54,86,85,65
Cooltrainer Mitchell,Victory Road,B2F,Solrock,43,Explosion,Reflect,Light Screen,Shadow Ball,113,86,70,52,60,71
Cooltrainer Halle,Victory Road,B2F,Sableye,43,Faint Attack,Knock Off,Confuse Ray,Shadow Ball,96,75,69,60,54,48
Cooltrainer Halle,Victory Road,B2F,Absol,43,Swords Dance,Double Team,Slash,Future Sight,108,116,50,69,56,75
Cooltrainer Michelle ,Victory Road,B2F,Torkoal,42,Protect,Flamethrower,Iron Defense,Amnesia,115,81,127,81,61,28
Cooltrainer Michelle ,Victory Road,B2F,Ludicolo,42,Astonish,Growl,Absorb,Nature Power,124,68,68,85,94,68
Cooltrainer Michelle ,Victory Road,B2F,Medicham,42,Mind Reader,Calm Mind,Hi Jump Kick,Psych Up,107,60,80,54,73,77
Cooltrainer Edgar,Victory Road,1F,Cacturne,43,Faint Attack,Needle Arm,Ingrain,Spikes,118,109,61,109,54,62
Cooltrainer Edgar,Victory Road,1F,Pelipper,43,Protect,Mist,Stockpile,Swallow,109,53,96,83,63,72
Cooltrainer Katelynn,Victory Road,1F,Gardevoir,43,Skill Swap,Psychic,Thunderbolt,Calm Mind,116,66,66,105,119,78
Cooltrainer Katelynn,Victory Road,1F,Slaking,43,Earthquake,Shadow Ball,Aerial Ace,Brick Break,187,147,96,81,66,105
Cooltrainer Quincy,Victory Road,1F,Slaking,43,Attract,Ice Beam,Thunderbolt,Flamethrower,187,147,86,100,66,96
Cooltrainer Quincy,Victory Road,1F,Dusclops,43,Skill Swap,Protect,Will-o-wisp,Toxic,92,77,121,54,121,31
Elite Four Sidney ,Pokémon  League,,Mightyena,46,Crunch,Double Edge,Sand-Attack,Roar,134,101,83,81,66,83
Elite Four Sidney ,Pokémon  League,,Absol,49,Aerial Ace,Rock Slide,Slash,Swords Dance,137,132,85,93,78,93
Elite Four Sidney ,Pokémon  League,,Shiftry,48,Extrasensory,Double Team,Swagger,Torment,158,115,77,94,77,105
Elite Four Sidney ,Pokémon  League,,Crawdaunt,48,Surf,Strength,Facade,Swords Dance,132,147,101,105,64,72
Elite Four Sidney ,Pokémon  League,,Cacturne,46,Faint Attack,Needle Arm,Cotton Spore,Leech Seed,134,136,74,111,74,69
Elite Four Phoebe,Pokémon  League,,Dusclops,48,Shadow Punch,Protect,Confuse Ray,Curse,110,94,144,77,129,43
Elite Four Phoebe,Pokémon  League,,Dusclops,51,Ice Beam,Shadow Ball,Rock Slide,Earthquake,117,92,153,73,168,46
Elite Four Phoebe,Pokémon  League,,Sableye,50,Shadow Ball,Night Shade,Faint Attack,Double Team,125,95,95,76,93,70
Elite Four Phoebe,Pokémon  League,,Banette,49,Shadow Ball,Faint Attack,Will-o-wisp,Grudge,136,118,83,101,89,83
Elite Four Phoebe,Pokémon  League,,Banette,49,Shadow Ball,Psychic,Thunderbolt,Facade,136,132,83,101,72,91
Elite Four Glacia ,Pokémon  League,,Sealeo,50,Ice Ball,Body Slam,Hail,Encore,165,88,90,95,90,58
Elite Four Glacia ,Pokémon  League,,Glalie,50,Ice Beam,Icy Wind,Crunch,Light Screen,155,100,100,100,100,100
Elite Four Glacia ,Pokémon  League,,Sealeo,52,Blizzard,Double Edge,Hail,Attract,171,83,93,98,93,67
Elite Four Glacia ,Pokémon  League,,Glalie,52,Ice Beam,Explosion,Shadow Ball,Hail,160,103,92,113,103,103
Elite Four Glacia ,Pokémon  League,,Walrein,53,Ice Beam,Surf,Body Slam,Sheer Cold,196,106,116,122,104,99
Elite Four Drake ,Pokémon  League,,Shelgon,52,Rock Tomb,Double Edge,Dragon Claw,Protect,145,119,124,91,72,64
Elite Four Drake ,Pokémon  League,,Altaria,54,Dragonbreath,Aerial Ace,Double Edge,Dragon Dance,161,86,118,105,134,107
Elite Four Drake ,Pokémon  League,,Kingdra,53,Surf,Body Slam,Dragon Dance,Smokescreen,158,121,121,121,121,111
Elite Four Drake ,Pokémon  League,,Flygon,53,Dragonbreath,Earthquake,Crunch,Flamethrower,163,126,115,105,94,126
Elite Four Drake ,Pokémon  League,,Salamence,55,Dragon Claw,Rock Slide,Crunch,Flamethrower,186,153,121,143,110,132
Champion Wallace ,Pokémon  League,,Wailord,57,Blizzard,Double Edge,Water Spout,Rain Dance,278,125,73,137,65,91
Champion Wallace ,Pokémon  League,,Tentacruel,55,Ice Beam,Sludge,Hydro Pump,Toxic,170,99,93,110,169,118
Champion Wallace ,Pokémon  League,,Milotic,58,Ice Beam,Surf,Toxic,Recover,196,92,102,138,183,116
Champion Wallace ,Pokémon  League,,Gyarados,56,Surf,Hyper Beam,Earthquake,Dragon Dance,189,162,110,97,120,113
Champion Wallace ,Pokémon  League,,Ludicolo,56,Giga Drain,Surf,Double Team,Leech Seed,172,100,100,123,134,100
Champion Wallace ,Pokémon  League,,Whiscash,56,Surf,Hyper Beam,Earthquake,Amnesia,206,109,104,107,111,80
School Kid Paul,Trick House,Puzzle 2,Numel,15,Growl,Tackle,Ember,,43,20,17,24,19,15
School Kid Paul,Trick House,Puzzle 2,Oddish,15,Absorb,Sweet Scent,Poisonpowder,,38,20,23,27,21,14
School Kid Paul,Trick House,Right Tree,Wingull,15,Growl,Water Gun,Supersonic,Wing Attack,37,14,14,18,15,30
School Kid Georgia,Trick House,Puzzle 2,Shroomish,16,Tackle,Stun Spore,Leech Seed,Mega Drain,45,17,24,18,24,14
School Kid Georgia,Trick House,Puzzle 2,Beautifly,16,Absorb,Gust,,,45,29,18,33,21,25
School Kid Ted,Trick House,Puzzle 2,Ralts,17,Growl,Confusion,Double Team,Teleport,36,13,14,18,17,18
Camper Justin,Trick House,Puzzle 3,Kecleon,24,Faint Attack,Fury Swipes,Psybeam,Screech,62,48,38,36,62,21
Picknicker Martha,Trick House,Puzzle 3,Skitty,23,Attract,Sing,Doubleslap,Assist,56,27,25,21,21,25
Picknicker Martha,Trick House,Puzzle 3,Swablu,23,Astonish,Sing,Fury Attack,Safeguard,53,25,32,20,39,28
Hiker Alan,Trick House,Puzzle 3,Geodude,22,Mud Sport,Rock Throw,Magnitude,Selfdestruct,49,40,44,18,19,13
Hiker Alan,Trick House,Puzzle 3,Nosepass,22,Harden,Rock Throw,Block,Thunder Wave,45,26,64,24,39,18
Hiker Alan,Trick House,Drawers,Graveler,22,Mud Sport,Rock Throw,Magnitude,Selfdestruct,56,46,55,26,24,18
Black Belt Yuji,Trick House,Puzzle 4,Makuhita,26,Arm Thrust,Vital Throw,Fake Out,Whirlwind,76,39,23,18,25,18
Black Belt Yuji,Trick House,Left Window,Machoke,26,Karate Chop,Seismic Toss,Foresight,Revenge,80,60,44,34,39,31
Black Belt Cora,Trick House,Puzzle 4,Meditite,27,Confusion,Detect,Hidden Power,Mind Reader,56,29,37,31,33,40
Battle Girl Paula,Trick House,Puzzle 4,Breloom,27,Leech Seed,Mega Drain,Headbutt,Mach Punch,72,78,51,46,36,44
Pokémon Ranger Sophia,Trick House,Puzzle 6,Swablu,38,Safeguard,Mist,Take Down,Mirror Move,84,37,52,33,64,49
Pokémon Ranger Sophia,Trick House,Puzzle 6,Roselia,38,Magical Leaf,Grasswhistle,Giga Drain,Sweet Scent,88,57,41,74,68,56
Pokémon Ranger Sebastian,Trick House,Puzzle 6,Cacturne,39,Pin Missile,Ingrain,Faint Attack,Spikes,105,97,59,87,54,50
Bird Keeper Benny,Trick House,Puzzle 6,Swellow,36,Quick Attack,Wing Attack,Double Team,Endeavour,89,66,48,45,41,85
Bird Keeper Benny,Trick House,[5: Left Tree],Pelipper,36,Mist,Protect,Stockpile,Swallow,89,41,77,72,55,45
Bird Keeper Benny,Trick House,[6: Right Cupboard],Xatu,36,Night Shade,Teleport,Wish,Future Sight,92,59,55,80,55,65
Psychic Joshua,Trick House,Puzzle 7,Kadabra,41,Recover,Future Sight,Role Play,Psychic,83,33,26,113,62,91
Psychic Joshua,Trick House,Right Window,Solrock,41,Fire Spin,Psywave,Cosmic Power,Rock Slide,108,90,66,50,58,62
Hex Maniac Patricia,Trick House,Puzzle 7,Banette,41,Curse,Spite,Will-o-Wisp,Faint Attack,103,99,58,73,56,58
Hex Maniac Patricia,Trick House,Puzzle 7,Lunatone,41,Hypnosis,Psywave,Cosmic Power,Psychic,108,55,58,82,66,62
Psychic Mariella,Trick House,Puzzle 7,Chimecho,41,Psywave,Double-Edge,Heal Bell,Safeguard,104,46,62,73,77,58
Gentleman Everett,Trick House,Puzzle 7,Wobbuffet,41,Counter,Mirror Coat,Safeguard,Destiny Bond,206,32,52,32,52,32
Psychic Alexis,Trick House,Puzzle 7,Kirlia,41,Calm Mind,Psychic,Imprison,Future Sight,82,33,33,63,50,41
Psychic Alexis,Trick House,Puzzle 7,Xatu,41,Night Shade,Teleport,Wish,Future Sight,104,66,62,82,62,82
Psychic Alvaro,Trick House,Puzzle 7,Banette,41,Curse,Spite,Will-o-Wisp,Faint Attack,103,89,58,73,56,63
Psychic Alvaro,Trick House,Puzzle 7,Kadabra,41,Recover,Future Sight,Role Play,Psychic,83,29,29,103,62,100
Cooltrainer Keira,Trick House,Puzzle 8,Lairon,45,Take Down,Iron Tail,Protect,Metal Sound,114,91,136,55,55,46
Cooltrainer Keira,Trick House,Puzzle 8,Manectric,45,Odor Sleuth,Roar,Bite,Thunder,123,84,64,93,64,104
Cooltrainer Vincent,Trick House,Puzzle 8,Sableye,44,Faint Attack,Knock Off,Confuse Ray,Shadow Ball,103,76,68,67,73,54
Cooltrainer Vincent,Trick House,Puzzle 8,Sharpedo,44,Screech,Slash,Taunt,Swagger,120,115,45,93,49,83
Cooltrainer Vincent,Trick House,Puzzle 8,Medicham,44,Mind Reader,Calm Mind,Hi Jump Kick,Psych Up,112,63,76,69,68,80
Cooltrainer Leroy,Trick House,Puzzle 8,Mawile,46,Iron Defense,Stockpile,Swallow,Spit Up,107,79,88,67,61,56
Cooltrainer Leroy,Trick House,Puzzle 8,Starmie,46,Rapid Spin,Recover,Swift,Confuse Ray,116,79,88,112,88,104
Young Couple Lea & Jed,S.S. Tidal,Cabin 1,Luvdisc,45,Take Down,Attract,Sweet Kiss,Flail,93,32,54,41,63,92
Young Couple Lea & Jed,S.S. Tidal,Cabin 1,Luvdisc,45,Take Down,Attract,Sweet Kiss,Flail,93,32,59,36,63,92
Rich Boy Garret,S.S. Tidal,Cabin 3,Azumarill,45,Rollout,Bubblebeam,Double-Edge,Rain Dance,145,50,77,50,77,50
Gentleman Micah,S.S. Tidal,Cabin 4,Manectric,44,Spark,Odor Sleuth,Roar,Bite,115,63,62,97,57,97
Gentleman Micah,S.S. Tidal,Cabin 4,Manectric,44,Spark,Odor Sleuth,Roar,Bite,115,71,57,97,57,97
Sailor Phillip,S.S. Tidal,Basement,Tentacruel,44,Acid,Bubblebeam,Wrap,Barrier,124,66,62,75,99,102
Sailor Phillip,S.S. Tidal,Basement,Machoke,44,Foresight,Revenge,Vital Throw,Submission,124,93,59,53,57,44
Sailor Leonard,S.S. Tidal,Basement,Machop,43,Vital Throw,Submission,Cross Chop,Scary Face,113,73,48,38,31,35
Sailor Leonard,S.S. Tidal,Basement,Pelipper,43,Mist,Protect,Stockpile,Swallow,104,43,100,78,65,60
Sailor Leonard,S.S. Tidal,(3 loops),Machoke,43,Foresight,Revenge,Vital Throw,Submission,121,100,65,48,50,43
Lady Anette Naomi,S.S. Tidal,Cabin 7,Roselia,45,Giga Drain,Sweet Scent,Ingrain,Toxic,105,64,50,90,90,68
Gentleman Thomas,S.S. Tidal,Cabin 6,Zangoose,45,Slash,Pursuit,Crush Claw,Taunt,120,118,59,53,59,86
Pokefan Colton,S.S. Tidal,Cabin 8,Skitty,22,Assist,Charm,Faint Attack,Heal Bell,54,26,21,20,20,27
Pokefan Colton,S.S. Tidal,Cabin 8,Skitty,36,Assist,Charm,Faint Attack,Heal Bell,82,37,33,33,30,41
Pokefan Colton,S.S. Tidal,Cabin 8,Skitty,40,Assist,Charm,Faint Attack,Heal Bell,90,41,41,33,33,45
Pokefan Colton,S.S. Tidal,Cabin 8,Skitty,12,Assist,Charm,Faint Attack,Heal Bell,34,15,13,13,14,17
Pokefan Colton,S.S. Tidal,Cabin 8,Skitty,30,Assist,Charm,Faint Attack,Heal Bell,70,32,28,26,26,38
Pokefan Colton,S.S. Tidal,Cabin 8,Delcatty,42,Assist,Charm,Faint Attack,Heal Bell,110,59,59,51,51,63
Triathlete Kyra,Route 115 Island,,Doduo,26,Pursuit,Fury Attack,Tri Attack,Rage,54,49,28,20,25,44
Triathlete Kyra,Route 115 Island,,Dodrio,26,Pursuit,Fury Attack,Tri Attack,Rage,67,68,41,32,36,57
Black Belt Koichi,Route 115 Island,,Machop,24,Focus Energy,Karate Chop,Seismic Toss,Foresight,70,46,31,26,21,24
Black Belt Koichi,Route 115 Island,,Machoke,28,Karate Chop,Seismic Toss,Foresight,Revenge,87,66,49,38,43,35
Ninja Boy Jaiden,Route 115 Island,,Ninjask,26,Double Team,Fury Cutter,Screech,Swords Dance,67,45,28,31,34,88
Ninja Boy Jaiden,Route 115 Island,,Gulpin,26,Poison Gas,Sludge,Amnesia,Encore,72,27,32,29,28,25
Expert Timothy,Route 115 Island,,Hariyama,27,Arm Thrust,Vital Throw,Fake Out,Whirlwind,121,76,43,36,43,34
Battle Girl Helene,Route 115 Island,Top,Meditite,26,Confusion,Detect,Hidden Power,Mind Reader,51,25,33,22,36,36
Battle Girl Helene,Route 115 Island,Top,Makuhita,26,Arm Thrust,Vital Throw,Fake Out,Whirlwind,73,32,20,15,22,18
Psychic Alix,Route 115 Island,Top,Kadabra,26,Disable,Psybeam,Reflect,Recover,56,23,20,67,41,59
Psychic Alix,Route 115 Island,Top,Kirlia,26,Double Team,Teleport,Calm Mind,Psychic,55,23,20,38,36,31
Old Couple John and Jay,Meteor Falls,Waterfall,Medicham,39,Psychic,Fire Punch,Psych Up,Protect,105,61,72,61,79,68
Old Couple John and Jay,Meteor Falls,Waterfall,Hariyama,39,Focus Punch,Rock Tomb,Rest,Belly Drum,170,107,54,45,61,58
Dragon Tamer Nicolas,Meteor Falls,Waterfall,Altaria,37,Safeguard,Mist,Take Down,Dragonbreath,106,54,76,61,95,68
Dragon Tamer Nicolas,Meteor Falls,Waterfall,Altaria,37,Safeguard,Mist,Take Down,Dragonbreath,106,67,76,61,78,68
PKMN Trainer Steven,Meteor Falls,1F Upper,Skarmory,77,Toxic,Aerial Ace,Spikes,Steel Wing,210,136,244,99,136,136
PKMN Trainer Steven,Meteor Falls,1F Upper,Claydol,75,Reflect,Light Screen,Ancientpower,Earthquake,198,119,185,146,208,140
PKMN Trainer Steven,Meteor Falls,1F Upper,Aggron,76,Thunder,Earthquake,Solarbeam,Dragon Claw,215,195,302,119,107,114
PKMN Trainer Steven,Meteor Falls,1F Upper,Cradily,76,Giga Drain,Ancientpower,Ingrain,Confuse Ray,240,151,176,151,171,102
PKMN Trainer Steven,Meteor Falls,1F Upper,Armaldo,76,Water Pulse,Aerial Ace,Ancientpower,Slash,223,218,162,147,150,96
PKMN Trainer Steven,Meteor Falls,1F Upper,Metagross,78,Earthquake,Psychic,Meteor Mash,Shadow Ball,236,239,231,177,169,138
